Command line invocation:
    /Applications/Xcode.app/Contents/Developer/usr/bin/xcodebuild -project RSSReaderApp.xcodeproj -scheme "RSSReaderApp (macOS)" -configuration Debug -destination platform=macOS build

Resolve Package Graph
Conflicting identity for eventsource: dependency 'github.com/mattt/eventsource' and dependency '/volumes/back up 3/rss latest/rss mac/packages/eventsource' both point to the same package identity 'eventsource'. This will be escalated to an error in future versions of SwiftPM.

Resolved source packages:
  swift-asn1: https://github.com/apple/swift-asn1.git @ 1.5.1
  swift-system: https://github.com/apple/swift-system.git @ 1.6.4
  swift-atomics: https://github.com/apple/swift-atomics.git @ 1.3.0
  swift-algorithms: https://github.com/apple/swift-algorithms.git @ 1.2.1
  swift-nio: https://github.com/apple/swift-nio.git @ 2.97.1
  swift-http-structured-headers: https://github.com/apple/swift-http-structured-headers.git @ 1.7.0
  swift-service-context: https://github.com/apple/swift-service-context.git @ 1.3.0
  swift-http-types: https://github.com/apple/swift-http-types.git @ 1.5.1
  Xet: https://github.com/mattt/swift-xet.git @ 0.2.3
  swift-transformers: https://github.com/huggingface/swift-transformers @ 1.1.9
  FeedKit: https://github.com/nmdias/FeedKit @ 9.1.2
  yyjson: https://github.com/ibireme/yyjson.git @ 0.12.0
  swift-nio-http2: https://github.com/apple/swift-nio-http2.git @ 1.43.0
  swift-certificates: https://github.com/apple/swift-certificates.git @ 1.19.1
  swift-configuration: https://github.com/apple/swift-configuration.git @ 1.2.0
  async-http-client: https://github.com/swift-server/async-http-client @ 1.33.1
  swift-huggingface: https://github.com/huggingface/swift-huggingface.git @ 0.6.0
  swift-log: https://github.com/apple/swift-log.git @ 1.12.0
  Kingfisher: https://github.com/onevcat/Kingfisher @ 8.3.2
  mlx-swift: https://github.com/ml-explore/mlx-swift @ 0.30.6
  swift-nio-transport-services: https://github.com/apple/swift-nio-transport-services.git @ 1.28.0
  MLXAudio: /Volumes/Back up 3/rss latest/rss mac/Packages/mlx-audio-swift @ local
  swift-service-lifecycle: https://github.com/swift-server/swift-service-lifecycle @ 2.11.0
  swift-collections: https://github.com/apple/swift-collections.git @ 1.3.0
  mlx-swift-lm: https://github.com/ml-explore/mlx-swift-lm @ main (e33eba8)
  swift-nio-ssl: https://github.com/apple/swift-nio-ssl.git @ 2.37.0
  SwiftSoup: https://github.com/scinfu/SwiftSoup @ 2.8.8
  swift-async-algorithms: https://github.com/apple/swift-async-algorithms.git @ 1.1.3
  Jinja: https://github.com/huggingface/swift-jinja.git @ 2.3.2
  swift-crypto: https://github.com/apple/swift-crypto.git @ 4.2.0
  EventSource: /Volumes/Back up 3/rss latest/rss mac/Packages/EventSource @ local
  swift-nio-extras: https://github.com/apple/swift-nio-extras.git @ 1.34.0
  swift-distributed-tracing: https://github.com/apple/swift-distributed-tracing.git @ 1.4.1
  swift-numerics: https://github.com/apple/swift-numerics @ 1.1.1

ComputePackagePrebuildTargetDependencyGraph

Prepare packages

CreateBuildRequest

SendProjectDescription

CreateBuildOperation

ComputeTargetDependencyGraph
note: Building targets in dependency order
note: Target dependency graph (118 targets)
    Target 'RSSReaderApp (macOS)' in project 'RSSReaderApp'
        ➜ Explicit dependency on target 'MLXLLM' in project 'mlx-swift-lm'
        ➜ Explicit dependency on target 'MLXAudioCore' in project 'MLXAudio'
        ➜ Explicit dependency on target 'MLXAudioTTS' in project 'MLXAudio'
        ➜ Explicit dependency on target 'Kingfisher' in project 'Kingfisher'
        ➜ Explicit dependency on target 'FeedKit' in project 'FeedKit'
        ➜ Explicit dependency on target 'MLXLMCommon' in project 'mlx-swift-lm'
        ➜ Explicit dependency on target 'MLXVLM' in project 'mlx-swift-lm'
        ➜ Explicit dependency on target 'SwiftSoup' in project 'SwiftSoup'
    Target 'SwiftSoup' in project 'SwiftSoup'
        ➜ Explicit dependency on target 'SwiftSoup' in project 'SwiftSoup'
    Target 'SwiftSoup' in project 'SwiftSoup' (no dependencies)
    Target 'MLXVLM' in project 'mlx-swift-lm'
        ➜ Explicit dependency on target 'MLXVLM' in project 'mlx-swift-lm'
        ➜ Explicit dependency on target 'MLXLMCommon' in project 'mlx-swift-lm'
        ➜ Explicit dependency on target 'MLX' in project 'mlx-swift'
        ➜ Explicit dependency on target 'MLXNN' in project 'mlx-swift'
        ➜ Explicit dependency on target 'MLXOptimizers' in project 'mlx-swift'
        ➜ Explicit dependency on target 'Transformers' in project 'swift-transformers'
    Target 'MLXVLM' in project 'mlx-swift-lm'
        ➜ Explicit dependency on target 'MLXLMCommon' in project 'mlx-swift-lm'
        ➜ Explicit dependency on target 'MLX' in project 'mlx-swift'
        ➜ Explicit dependency on target 'MLXNN' in project 'mlx-swift'
        ➜ Explicit dependency on target 'MLXOptimizers' in project 'mlx-swift'
        ➜ Explicit dependency on target 'Transformers' in project 'swift-transformers'
    Target 'FeedKit' in project 'FeedKit'
        ➜ Explicit dependency on target 'FeedKit' in project 'FeedKit'
    Target 'FeedKit' in project 'FeedKit' (no dependencies)
    Target 'Kingfisher' in project 'Kingfisher'
        ➜ Explicit dependency on target 'Kingfisher' in project 'Kingfisher'
        ➜ Explicit dependency on target 'Kingfisher_Kingfisher' in project 'Kingfisher'
    Target 'Kingfisher' in project 'Kingfisher'
        ➜ Explicit dependency on target 'Kingfisher_Kingfisher' in project 'Kingfisher'
    Target 'Kingfisher_Kingfisher' in project 'Kingfisher' (no dependencies)
    Target 'MLXAudioTTS' in project 'MLXAudio'
        ➜ Explicit dependency on target 'MLXAudioTTS' in project 'MLXAudio'
        ➜ Explicit dependency on target 'MLXAudioCore' in project 'MLXAudio'
        ➜ Explicit dependency on target 'MLXAudioCodecs' in project 'MLXAudio'
        ➜ Explicit dependency on target 'MLX' in project 'mlx-swift'
        ➜ Explicit dependency on target 'MLXNN' in project 'mlx-swift'
        ➜ Explicit dependency on target 'HuggingFace' in project 'swift-huggingface'
        ➜ Explicit dependency on target 'MLXLMCommon' in project 'mlx-swift-lm'
        ➜ Explicit dependency on target 'MLXLLM' in project 'mlx-swift-lm'
        ➜ Explicit dependency on target 'Transformers' in project 'swift-transformers'
    Target 'MLXAudioTTS' in project 'MLXAudio'
        ➜ Explicit dependency on target 'MLXAudioCore' in project 'MLXAudio'
        ➜ Explicit dependency on target 'MLXAudioCodecs' in project 'MLXAudio'
        ➜ Explicit dependency on target 'MLX' in project 'mlx-swift'
        ➜ Explicit dependency on target 'MLXNN' in project 'mlx-swift'
        ➜ Explicit dependency on target 'HuggingFace' in project 'swift-huggingface'
        ➜ Explicit dependency on target 'MLXLMCommon' in project 'mlx-swift-lm'
        ➜ Explicit dependency on target 'MLXLLM' in project 'mlx-swift-lm'
        ➜ Explicit dependency on target 'Transformers' in project 'swift-transformers'
    Target 'MLXAudioCodecs' in project 'MLXAudio'
        ➜ Explicit dependency on target 'MLXAudioCore' in project 'MLXAudio'
        ➜ Explicit dependency on target 'MLX' in project 'mlx-swift'
        ➜ Explicit dependency on target 'MLXNN' in project 'mlx-swift'
        ➜ Explicit dependency on target 'HuggingFace' in project 'swift-huggingface'
        ➜ Explicit dependency on target 'MLXLMCommon' in project 'mlx-swift-lm'
    Target 'MLXLMCommon' in project 'mlx-swift-lm'
        ➜ Explicit dependency on target 'MLXLMCommon' in project 'mlx-swift-lm'
        ➜ Explicit dependency on target 'MLX' in project 'mlx-swift'
        ➜ Explicit dependency on target 'MLXNN' in project 'mlx-swift'
        ➜ Explicit dependency on target 'MLXOptimizers' in project 'mlx-swift'
        ➜ Explicit dependency on target 'Transformers' in project 'swift-transformers'
    Target 'MLXAudioCore' in project 'MLXAudio'
        ➜ Explicit dependency on target 'MLXAudioCore' in project 'MLXAudio'
        ➜ Explicit dependency on target 'MLX' in project 'mlx-swift'
        ➜ Explicit dependency on target 'MLXNN' in project 'mlx-swift'
        ➜ Explicit dependency on target 'HuggingFace' in project 'swift-huggingface'
    Target 'MLXAudioCore' in project 'MLXAudio'
        ➜ Explicit dependency on target 'MLX' in project 'mlx-swift'
        ➜ Explicit dependency on target 'MLXNN' in project 'mlx-swift'
        ➜ Explicit dependency on target 'HuggingFace' in project 'swift-huggingface'
    Target 'HuggingFace' in project 'swift-huggingface'
        ➜ Explicit dependency on target 'HuggingFace' in project 'swift-huggingface'
        ➜ Explicit dependency on target 'EventSource' in project 'EventSource'
        ➜ Explicit dependency on target 'Crypto' in project 'swift-crypto'
        ➜ Explicit dependency on target 'Xet' in project 'Xet'
    Target 'HuggingFace' in project 'swift-huggingface'
        ➜ Explicit dependency on target 'EventSource' in project 'EventSource'
        ➜ Explicit dependency on target 'Crypto' in project 'swift-crypto'
        ➜ Explicit dependency on target 'Xet' in project 'Xet'
    Target 'Xet' in project 'Xet'
        ➜ Explicit dependency on target 'Xet' in project 'Xet'
        ➜ Explicit dependency on target 'AsyncHTTPClient' in project 'async-http-client'
        ➜ Explicit dependency on target 'NIOCore' in project 'swift-nio'
        ➜ Explicit dependency on target 'NIOHTTP1' in project 'swift-nio'
        ➜ Explicit dependency on target 'NIOTransportServices' in project 'swift-nio-transport-services'
    Target 'Xet' in project 'Xet'
        ➜ Explicit dependency on target 'AsyncHTTPClient' in project 'async-http-client'
        ➜ Explicit dependency on target 'NIOCore' in project 'swift-nio'
        ➜ Explicit dependency on target 'NIOHTTP1' in project 'swift-nio'
        ➜ Explicit dependency on target 'NIOTransportServices' in project 'swift-nio-transport-services'
    Target 'AsyncHTTPClient' in project 'async-http-client'
        ➜ Explicit dependency on target 'AsyncHTTPClient' in project 'async-http-client'
        ➜ Explicit dependency on target 'CAsyncHTTPClient' in project 'async-http-client'
        ➜ Explicit dependency on target 'NIO' in project 'swift-nio'
        ➜ Explicit dependency on target 'NIOTLS' in project 'swift-nio'
        ➜ Explicit dependency on target 'NIOCore' in project 'swift-nio'
        ➜ Explicit dependency on target 'NIOPosix' in project 'swift-nio'
        ➜ Explicit dependency on target 'NIOHTTP1' in project 'swift-nio'
        ➜ Explicit dependency on target 'NIOConcurrencyHelpers' in project 'swift-nio'
        ➜ Explicit dependency on target 'NIOHTTP2' in project 'swift-nio-http2'
        ➜ Explicit dependency on target 'NIOSSL' in project 'swift-nio-ssl'
        ➜ Explicit dependency on target 'NIOHTTPCompression' in project 'swift-nio-extras'
        ➜ Explicit dependency on target 'NIOSOCKS' in project 'swift-nio-extras'
        ➜ Explicit dependency on target 'NIOTransportServices' in project 'swift-nio-transport-services'
        ➜ Explicit dependency on target 'Atomics' in project 'swift-atomics'
        ➜ Explicit dependency on target 'Algorithms' in project 'swift-algorithms'
        ➜ Explicit dependency on target 'Configuration' in project 'swift-configuration'
        ➜ Explicit dependency on target 'Logging' in project 'swift-log'
        ➜ Explicit dependency on target 'Tracing' in project 'swift-distributed-tracing'
        ➜ Explicit dependency on target 'ServiceContextModule' in project 'swift-service-context'
    Target 'AsyncHTTPClient' in project 'async-http-client'
        ➜ Explicit dependency on target 'CAsyncHTTPClient' in project 'async-http-client'
        ➜ Explicit dependency on target 'NIO' in project 'swift-nio'
        ➜ Explicit dependency on target 'NIOTLS' in project 'swift-nio'
        ➜ Explicit dependency on target 'NIOCore' in project 'swift-nio'
        ➜ Explicit dependency on target 'NIOPosix' in project 'swift-nio'
        ➜ Explicit dependency on target 'NIOHTTP1' in project 'swift-nio'
        ➜ Explicit dependency on target 'NIOConcurrencyHelpers' in project 'swift-nio'
        ➜ Explicit dependency on target 'NIOHTTP2' in project 'swift-nio-http2'
        ➜ Explicit dependency on target 'NIOSSL' in project 'swift-nio-ssl'
        ➜ Explicit dependency on target 'NIOHTTPCompression' in project 'swift-nio-extras'
        ➜ Explicit dependency on target 'NIOSOCKS' in project 'swift-nio-extras'
        ➜ Explicit dependency on target 'NIOTransportServices' in project 'swift-nio-transport-services'
        ➜ Explicit dependency on target 'Atomics' in project 'swift-atomics'
        ➜ Explicit dependency on target 'Algorithms' in project 'swift-algorithms'
        ➜ Explicit dependency on target 'Configuration' in project 'swift-configuration'
        ➜ Explicit dependency on target 'Logging' in project 'swift-log'
        ➜ Explicit dependency on target 'Tracing' in project 'swift-distributed-tracing'
        ➜ Explicit dependency on target 'ServiceContextModule' in project 'swift-service-context'
    Target 'Tracing' in project 'swift-distributed-tracing'
        ➜ Explicit dependency on target 'Tracing' in project 'swift-distributed-tracing'
        ➜ Explicit dependency on target 'Instrumentation' in project 'swift-distributed-tracing'
        ➜ Explicit dependency on target 'ServiceContextModule' in project 'swift-service-context'
    Target 'Tracing' in project 'swift-distributed-tracing'
        ➜ Explicit dependency on target 'Instrumentation' in project 'swift-distributed-tracing'
        ➜ Explicit dependency on target 'ServiceContextModule' in project 'swift-service-context'
    Target 'Instrumentation' in project 'swift-distributed-tracing'
        ➜ Explicit dependency on target 'ServiceContextModule' in project 'swift-service-context'
    Target 'ServiceContextModule' in project 'swift-service-context'
        ➜ Explicit dependency on target 'ServiceContextModule' in project 'swift-service-context'
    Target 'ServiceContextModule' in project 'swift-service-context' (no dependencies)
    Target 'Logging' in project 'swift-log'
        ➜ Explicit dependency on target 'Logging' in project 'swift-log'
    Target 'Logging' in project 'swift-log' (no dependencies)
    Target 'Configuration' in project 'swift-configuration'
        ➜ Explicit dependency on target 'Configuration' in project 'swift-configuration'
        ➜ Explicit dependency on target 'SystemPackage' in project 'swift-system'
        ➜ Explicit dependency on target 'DequeModule' in project 'swift-collections'
    Target 'Configuration' in project 'swift-configuration'
        ➜ Explicit dependency on target 'SystemPackage' in project 'swift-system'
        ➜ Explicit dependency on target 'DequeModule' in project 'swift-collections'
    Target 'SystemPackage' in project 'swift-system'
        ➜ Explicit dependency on target 'SystemPackage' in project 'swift-system'
        ➜ Explicit dependency on target 'CSystem' in project 'swift-system'
    Target 'SystemPackage' in project 'swift-system'
        ➜ Explicit dependency on target 'CSystem' in project 'swift-system'
    Target 'CSystem' in project 'swift-system' (no dependencies)
    Target 'Algorithms' in project 'swift-algorithms'
        ➜ Explicit dependency on target 'Algorithms' in project 'swift-algorithms'
        ➜ Explicit dependency on target 'RealModule' in project 'swift-numerics'
    Target 'Algorithms' in project 'swift-algorithms'
        ➜ Explicit dependency on target 'RealModule' in project 'swift-numerics'
    Target 'RealModule' in project 'swift-numerics'
        ➜ Explicit dependency on target 'RealModule' in project 'swift-numerics'
        ➜ Explicit dependency on target '_NumericsShims' in project 'swift-numerics'
    Target 'NIOTransportServices' in project 'swift-nio-transport-services'
        ➜ Explicit dependency on target 'NIOTransportServices' in project 'swift-nio-transport-services'
        ➜ Explicit dependency on target 'NIO' in project 'swift-nio'
        ➜ Explicit dependency on target 'NIOCore' in project 'swift-nio'
        ➜ Explicit dependency on target 'NIOFoundationCompat' in project 'swift-nio'
        ➜ Explicit dependency on target 'NIOTLS' in project 'swift-nio'
        ➜ Explicit dependency on target 'Atomics' in project 'swift-atomics'
    Target 'NIOTransportServices' in project 'swift-nio-transport-services'
        ➜ Explicit dependency on target 'NIO' in project 'swift-nio'
        ➜ Explicit dependency on target 'NIOCore' in project 'swift-nio'
        ➜ Explicit dependency on target 'NIOFoundationCompat' in project 'swift-nio'
        ➜ Explicit dependency on target 'NIOTLS' in project 'swift-nio'
        ➜ Explicit dependency on target 'Atomics' in project 'swift-atomics'
    Target 'NIOFoundationCompat' in project 'swift-nio'
        ➜ Explicit dependency on target 'NIOFoundationCompat' in project 'swift-nio'
        ➜ Explicit dependency on target 'CNIOAtomics' in project 'swift-nio'
        ➜ Explicit dependency on target 'NIOConcurrencyHelpers' in project 'swift-nio'
        ➜ Explicit dependency on target '_NIOBase64' in project 'swift-nio'
        ➜ Explicit dependency on target 'CNIOOpenBSD' in project 'swift-nio'
        ➜ Explicit dependency on target 'CNIODarwin' in project 'swift-nio'
        ➜ Explicit dependency on target 'CNIOLinux' in project 'swift-nio'
        ➜ Explicit dependency on target 'CNIOWindows' in project 'swift-nio'
        ➜ Explicit dependency on target 'CNIOWASI' in project 'swift-nio'
        ➜ Explicit dependency on target '_NIODataStructures' in project 'swift-nio'
        ➜ Explicit dependency on target 'NIOCore' in project 'swift-nio'
        ➜ Explicit dependency on target 'NIOEmbedded' in project 'swift-nio'
        ➜ Explicit dependency on target 'CNIOPosix' in project 'swift-nio'
        ➜ Explicit dependency on target 'NIOPosix' in project 'swift-nio'
        ➜ Explicit dependency on target 'NIO' in project 'swift-nio'
        ➜ Explicit dependency on target 'DequeModule' in project 'swift-collections'
        ➜ Explicit dependency on target 'Atomics' in project 'swift-atomics'
    Target 'NIOFoundationCompat' in project 'swift-nio'
        ➜ Explicit dependency on target 'CNIOAtomics' in project 'swift-nio'
        ➜ Explicit dependency on target 'NIOConcurrencyHelpers' in project 'swift-nio'
        ➜ Explicit dependency on target '_NIOBase64' in project 'swift-nio'
        ➜ Explicit dependency on target 'CNIOOpenBSD' in project 'swift-nio'
        ➜ Explicit dependency on target 'CNIODarwin' in project 'swift-nio'
        ➜ Explicit dependency on target 'CNIOLinux' in project 'swift-nio'
        ➜ Explicit dependency on target 'CNIOWindows' in project 'swift-nio'
        ➜ Explicit dependency on target 'CNIOWASI' in project 'swift-nio'
        ➜ Explicit dependency on target '_NIODataStructures' in project 'swift-nio'
        ➜ Explicit dependency on target 'NIOCore' in project 'swift-nio'
        ➜ Explicit dependency on target 'NIOEmbedded' in project 'swift-nio'
        ➜ Explicit dependency on target 'CNIOPosix' in project 'swift-nio'
        ➜ Explicit dependency on target 'NIOPosix' in project 'swift-nio'
        ➜ Explicit dependency on target 'NIO' in project 'swift-nio'
        ➜ Explicit dependency on target 'DequeModule' in project 'swift-collections'
        ➜ Explicit dependency on target 'Atomics' in project 'swift-atomics'
    Target 'NIOSOCKS' in project 'swift-nio-extras'
        ➜ Explicit dependency on target 'NIOSOCKS' in project 'swift-nio-extras'
        ➜ Explicit dependency on target 'NIO' in project 'swift-nio'
        ➜ Explicit dependency on target 'NIOCore' in project 'swift-nio'
    Target 'NIOSOCKS' in project 'swift-nio-extras'
        ➜ Explicit dependency on target 'NIO' in project 'swift-nio'
        ➜ Explicit dependency on target 'NIOCore' in project 'swift-nio'
    Target 'NIOHTTPCompression' in project 'swift-nio-extras'
        ➜ Explicit dependency on target 'NIOHTTPCompression' in project 'swift-nio-extras'
        ➜ Explicit dependency on target 'CNIOExtrasZlib' in project 'swift-nio-extras'
        ➜ Explicit dependency on target 'NIO' in project 'swift-nio'
        ➜ Explicit dependency on target 'NIOCore' in project 'swift-nio'
        ➜ Explicit dependency on target 'NIOHTTP1' in project 'swift-nio'
    Target 'NIOHTTPCompression' in project 'swift-nio-extras'
        ➜ Explicit dependency on target 'CNIOExtrasZlib' in project 'swift-nio-extras'
        ➜ Explicit dependency on target 'NIO' in project 'swift-nio'
        ➜ Explicit dependency on target 'NIOCore' in project 'swift-nio'
        ➜ Explicit dependency on target 'NIOHTTP1' in project 'swift-nio'
    Target 'CNIOExtrasZlib' in project 'swift-nio-extras' (no dependencies)
    Target 'NIOSSL' in project 'swift-nio-ssl'
        ➜ Explicit dependency on target 'NIOSSL' in project 'swift-nio-ssl'
        ➜ Explicit dependency on target 'swift-nio-ssl_NIOSSL' in project 'swift-nio-ssl'
        ➜ Explicit dependency on target 'CNIOBoringSSL' in project 'swift-nio-ssl'
        ➜ Explicit dependency on target 'CNIOBoringSSLShims' in project 'swift-nio-ssl'
        ➜ Explicit dependency on target 'NIO' in project 'swift-nio'
        ➜ Explicit dependency on target 'NIOCore' in project 'swift-nio'
        ➜ Explicit dependency on target 'NIOConcurrencyHelpers' in project 'swift-nio'
        ➜ Explicit dependency on target 'NIOTLS' in project 'swift-nio'
    Target 'NIOSSL' in project 'swift-nio-ssl'
        ➜ Explicit dependency on target 'swift-nio-ssl_NIOSSL' in project 'swift-nio-ssl'
        ➜ Explicit dependency on target 'CNIOBoringSSL' in project 'swift-nio-ssl'
        ➜ Explicit dependency on target 'CNIOBoringSSLShims' in project 'swift-nio-ssl'
        ➜ Explicit dependency on target 'NIO' in project 'swift-nio'
        ➜ Explicit dependency on target 'NIOCore' in project 'swift-nio'
        ➜ Explicit dependency on target 'NIOConcurrencyHelpers' in project 'swift-nio'
        ➜ Explicit dependency on target 'NIOTLS' in project 'swift-nio'
    Target 'CNIOBoringSSLShims' in project 'swift-nio-ssl'
        ➜ Explicit dependency on target 'CNIOBoringSSL' in project 'swift-nio-ssl'
    Target 'CNIOBoringSSL' in project 'swift-nio-ssl' (no dependencies)
    Target 'swift-nio-ssl_NIOSSL' in project 'swift-nio-ssl' (no dependencies)
    Target 'NIOHTTP2' in project 'swift-nio-http2'
        ➜ Explicit dependency on target 'NIOHTTP2' in project 'swift-nio-http2'
        ➜ Explicit dependency on target 'NIOHPACK' in project 'swift-nio-http2'
        ➜ Explicit dependency on target 'NIO' in project 'swift-nio'
        ➜ Explicit dependency on target 'NIOCore' in project 'swift-nio'
        ➜ Explicit dependency on target 'NIOConcurrencyHelpers' in project 'swift-nio'
        ➜ Explicit dependency on target 'NIOHTTP1' in project 'swift-nio'
        ➜ Explicit dependency on target 'NIOTLS' in project 'swift-nio'
        ➜ Explicit dependency on target 'Atomics' in project 'swift-atomics'
    Target 'NIOHTTP2' in project 'swift-nio-http2'
        ➜ Explicit dependency on target 'NIOHPACK' in project 'swift-nio-http2'
        ➜ Explicit dependency on target 'NIO' in project 'swift-nio'
        ➜ Explicit dependency on target 'NIOCore' in project 'swift-nio'
        ➜ Explicit dependency on target 'NIOConcurrencyHelpers' in project 'swift-nio'
        ➜ Explicit dependency on target 'NIOHTTP1' in project 'swift-nio'
        ➜ Explicit dependency on target 'NIOTLS' in project 'swift-nio'
        ➜ Explicit dependency on target 'Atomics' in project 'swift-atomics'
    Target 'NIOHPACK' in project 'swift-nio-http2'
        ➜ Explicit dependency on target 'NIO' in project 'swift-nio'
        ➜ Explicit dependency on target 'NIOCore' in project 'swift-nio'
        ➜ Explicit dependency on target 'NIOConcurrencyHelpers' in project 'swift-nio'
        ➜ Explicit dependency on target 'NIOHTTP1' in project 'swift-nio'
    Target 'NIOConcurrencyHelpers' in project 'swift-nio'
        ➜ Explicit dependency on target 'NIOConcurrencyHelpers' in project 'swift-nio'
        ➜ Explicit dependency on target 'CNIOAtomics' in project 'swift-nio'
    Target 'NIOHTTP1' in project 'swift-nio'
        ➜ Explicit dependency on target 'NIOHTTP1' in project 'swift-nio'
        ➜ Explicit dependency on target 'CNIOAtomics' in project 'swift-nio'
        ➜ Explicit dependency on target 'NIOConcurrencyHelpers' in project 'swift-nio'
        ➜ Explicit dependency on target '_NIOBase64' in project 'swift-nio'
        ➜ Explicit dependency on target 'CNIOOpenBSD' in project 'swift-nio'
        ➜ Explicit dependency on target 'CNIODarwin' in project 'swift-nio'
        ➜ Explicit dependency on target 'CNIOLinux' in project 'swift-nio'
        ➜ Explicit dependency on target 'CNIOWindows' in project 'swift-nio'
        ➜ Explicit dependency on target 'CNIOWASI' in project 'swift-nio'
        ➜ Explicit dependency on target '_NIODataStructures' in project 'swift-nio'
        ➜ Explicit dependency on target 'NIOCore' in project 'swift-nio'
        ➜ Explicit dependency on target 'NIOEmbedded' in project 'swift-nio'
        ➜ Explicit dependency on target 'CNIOPosix' in project 'swift-nio'
        ➜ Explicit dependency on target 'NIOPosix' in project 'swift-nio'
        ➜ Explicit dependency on target 'NIO' in project 'swift-nio'
        ➜ Explicit dependency on target 'CNIOLLHTTP' in project 'swift-nio'
        ➜ Explicit dependency on target 'DequeModule' in project 'swift-collections'
        ➜ Explicit dependency on target 'Atomics' in project 'swift-atomics'
    Target 'NIOHTTP1' in project 'swift-nio'
        ➜ Explicit dependency on target 'CNIOAtomics' in project 'swift-nio'
        ➜ Explicit dependency on target 'NIOConcurrencyHelpers' in project 'swift-nio'
        ➜ Explicit dependency on target '_NIOBase64' in project 'swift-nio'
        ➜ Explicit dependency on target 'CNIOOpenBSD' in project 'swift-nio'
        ➜ Explicit dependency on target 'CNIODarwin' in project 'swift-nio'
        ➜ Explicit dependency on target 'CNIOLinux' in project 'swift-nio'
        ➜ Explicit dependency on target 'CNIOWindows' in project 'swift-nio'
        ➜ Explicit dependency on target 'CNIOWASI' in project 'swift-nio'
        ➜ Explicit dependency on target '_NIODataStructures' in project 'swift-nio'
        ➜ Explicit dependency on target 'NIOCore' in project 'swift-nio'
        ➜ Explicit dependency on target 'NIOEmbedded' in project 'swift-nio'
        ➜ Explicit dependency on target 'CNIOPosix' in project 'swift-nio'
        ➜ Explicit dependency on target 'NIOPosix' in project 'swift-nio'
        ➜ Explicit dependency on target 'NIO' in project 'swift-nio'
        ➜ Explicit dependency on target 'CNIOLLHTTP' in project 'swift-nio'
        ➜ Explicit dependency on target 'DequeModule' in project 'swift-collections'
        ➜ Explicit dependency on target 'Atomics' in project 'swift-atomics'
    Target 'CNIOLLHTTP' in project 'swift-nio' (no dependencies)
    Target 'NIOPosix' in project 'swift-nio'
        ➜ Explicit dependency on target 'NIOPosix' in project 'swift-nio'
        ➜ Explicit dependency on target 'swift-nio_NIOPosix' in project 'swift-nio'
        ➜ Explicit dependency on target 'CNIOOpenBSD' in project 'swift-nio'
        ➜ Explicit dependency on target 'CNIOLinux' in project 'swift-nio'
        ➜ Explicit dependency on target 'CNIODarwin' in project 'swift-nio'
        ➜ Explicit dependency on target 'CNIOWindows' in project 'swift-nio'
        ➜ Explicit dependency on target 'CNIOAtomics' in project 'swift-nio'
        ➜ Explicit dependency on target 'NIOConcurrencyHelpers' in project 'swift-nio'
        ➜ Explicit dependency on target '_NIOBase64' in project 'swift-nio'
        ➜ Explicit dependency on target 'CNIOWASI' in project 'swift-nio'
        ➜ Explicit dependency on target '_NIODataStructures' in project 'swift-nio'
        ➜ Explicit dependency on target 'NIOCore' in project 'swift-nio'
        ➜ Explicit dependency on target 'CNIOPosix' in project 'swift-nio'
        ➜ Explicit dependency on target 'DequeModule' in project 'swift-collections'
        ➜ Explicit dependency on target 'Atomics' in project 'swift-atomics'
    Target 'NIOCore' in project 'swift-nio'
        ➜ Explicit dependency on target 'NIOCore' in project 'swift-nio'
        ➜ Explicit dependency on target 'CNIOAtomics' in project 'swift-nio'
        ➜ Explicit dependency on target 'NIOConcurrencyHelpers' in project 'swift-nio'
        ➜ Explicit dependency on target '_NIOBase64' in project 'swift-nio'
        ➜ Explicit dependency on target 'CNIOOpenBSD' in project 'swift-nio'
        ➜ Explicit dependency on target 'CNIODarwin' in project 'swift-nio'
        ➜ Explicit dependency on target 'CNIOLinux' in project 'swift-nio'
        ➜ Explicit dependency on target 'CNIOWindows' in project 'swift-nio'
        ➜ Explicit dependency on target 'CNIOWASI' in project 'swift-nio'
        ➜ Explicit dependency on target '_NIODataStructures' in project 'swift-nio'
        ➜ Explicit dependency on target 'DequeModule' in project 'swift-collections'
        ➜ Explicit dependency on target 'Atomics' in project 'swift-atomics'
    Target 'NIOTLS' in project 'swift-nio'
        ➜ Explicit dependency on target 'NIOTLS' in project 'swift-nio'
        ➜ Explicit dependency on target 'CNIOAtomics' in project 'swift-nio'
        ➜ Explicit dependency on target 'NIOConcurrencyHelpers' in project 'swift-nio'
        ➜ Explicit dependency on target '_NIOBase64' in project 'swift-nio'
        ➜ Explicit dependency on target 'CNIOOpenBSD' in project 'swift-nio'
        ➜ Explicit dependency on target 'CNIODarwin' in project 'swift-nio'
        ➜ Explicit dependency on target 'CNIOLinux' in project 'swift-nio'
        ➜ Explicit dependency on target 'CNIOWindows' in project 'swift-nio'
        ➜ Explicit dependency on target 'CNIOWASI' in project 'swift-nio'
        ➜ Explicit dependency on target '_NIODataStructures' in project 'swift-nio'
        ➜ Explicit dependency on target 'NIOCore' in project 'swift-nio'
        ➜ Explicit dependency on target 'NIOEmbedded' in project 'swift-nio'
        ➜ Explicit dependency on target 'CNIOPosix' in project 'swift-nio'
        ➜ Explicit dependency on target 'NIOPosix' in project 'swift-nio'
        ➜ Explicit dependency on target 'NIO' in project 'swift-nio'
        ➜ Explicit dependency on target 'DequeModule' in project 'swift-collections'
        ➜ Explicit dependency on target 'Atomics' in project 'swift-atomics'
    Target 'NIOTLS' in project 'swift-nio'
        ➜ Explicit dependency on target 'CNIOAtomics' in project 'swift-nio'
        ➜ Explicit dependency on target 'NIOConcurrencyHelpers' in project 'swift-nio'
        ➜ Explicit dependency on target '_NIOBase64' in project 'swift-nio'
        ➜ Explicit dependency on target 'CNIOOpenBSD' in project 'swift-nio'
        ➜ Explicit dependency on target 'CNIODarwin' in project 'swift-nio'
        ➜ Explicit dependency on target 'CNIOLinux' in project 'swift-nio'
        ➜ Explicit dependency on target 'CNIOWindows' in project 'swift-nio'
        ➜ Explicit dependency on target 'CNIOWASI' in project 'swift-nio'
        ➜ Explicit dependency on target '_NIODataStructures' in project 'swift-nio'
        ➜ Explicit dependency on target 'NIOCore' in project 'swift-nio'
        ➜ Explicit dependency on target 'NIOEmbedded' in project 'swift-nio'
        ➜ Explicit dependency on target 'CNIOPosix' in project 'swift-nio'
        ➜ Explicit dependency on target 'NIOPosix' in project 'swift-nio'
        ➜ Explicit dependency on target 'NIO' in project 'swift-nio'
        ➜ Explicit dependency on target 'DequeModule' in project 'swift-collections'
        ➜ Explicit dependency on target 'Atomics' in project 'swift-atomics'
    Target 'NIO' in project 'swift-nio'
        ➜ Explicit dependency on target 'NIO' in project 'swift-nio'
        ➜ Explicit dependency on target 'CNIOAtomics' in project 'swift-nio'
        ➜ Explicit dependency on target 'NIOConcurrencyHelpers' in project 'swift-nio'
        ➜ Explicit dependency on target '_NIOBase64' in project 'swift-nio'
        ➜ Explicit dependency on target 'CNIOOpenBSD' in project 'swift-nio'
        ➜ Explicit dependency on target 'CNIODarwin' in project 'swift-nio'
        ➜ Explicit dependency on target 'CNIOLinux' in project 'swift-nio'
        ➜ Explicit dependency on target 'CNIOWindows' in project 'swift-nio'
        ➜ Explicit dependency on target 'CNIOWASI' in project 'swift-nio'
        ➜ Explicit dependency on target '_NIODataStructures' in project 'swift-nio'
        ➜ Explicit dependency on target 'NIOCore' in project 'swift-nio'
        ➜ Explicit dependency on target 'NIOEmbedded' in project 'swift-nio'
        ➜ Explicit dependency on target 'CNIOPosix' in project 'swift-nio'
        ➜ Explicit dependency on target 'NIOPosix' in project 'swift-nio'
        ➜ Explicit dependency on target 'DequeModule' in project 'swift-collections'
        ➜ Explicit dependency on target 'Atomics' in project 'swift-atomics'
    Target 'NIO' in project 'swift-nio'
        ➜ Explicit dependency on target 'CNIOAtomics' in project 'swift-nio'
        ➜ Explicit dependency on target 'NIOConcurrencyHelpers' in project 'swift-nio'
        ➜ Explicit dependency on target '_NIOBase64' in project 'swift-nio'
        ➜ Explicit dependency on target 'CNIOOpenBSD' in project 'swift-nio'
        ➜ Explicit dependency on target 'CNIODarwin' in project 'swift-nio'
        ➜ Explicit dependency on target 'CNIOLinux' in project 'swift-nio'
        ➜ Explicit dependency on target 'CNIOWindows' in project 'swift-nio'
        ➜ Explicit dependency on target 'CNIOWASI' in project 'swift-nio'
        ➜ Explicit dependency on target '_NIODataStructures' in project 'swift-nio'
        ➜ Explicit dependency on target 'NIOCore' in project 'swift-nio'
        ➜ Explicit dependency on target 'NIOEmbedded' in project 'swift-nio'
        ➜ Explicit dependency on target 'CNIOPosix' in project 'swift-nio'
        ➜ Explicit dependency on target 'NIOPosix' in project 'swift-nio'
        ➜ Explicit dependency on target 'DequeModule' in project 'swift-collections'
        ➜ Explicit dependency on target 'Atomics' in project 'swift-atomics'
    Target 'NIOPosix' in project 'swift-nio'
        ➜ Explicit dependency on target 'swift-nio_NIOPosix' in project 'swift-nio'
        ➜ Explicit dependency on target 'CNIOOpenBSD' in project 'swift-nio'
        ➜ Explicit dependency on target 'CNIOLinux' in project 'swift-nio'
        ➜ Explicit dependency on target 'CNIODarwin' in project 'swift-nio'
        ➜ Explicit dependency on target 'CNIOWindows' in project 'swift-nio'
        ➜ Explicit dependency on target 'CNIOAtomics' in project 'swift-nio'
        ➜ Explicit dependency on target 'NIOConcurrencyHelpers' in project 'swift-nio'
        ➜ Explicit dependency on target '_NIOBase64' in project 'swift-nio'
        ➜ Explicit dependency on target 'CNIOWASI' in project 'swift-nio'
        ➜ Explicit dependency on target '_NIODataStructures' in project 'swift-nio'
        ➜ Explicit dependency on target 'NIOCore' in project 'swift-nio'
        ➜ Explicit dependency on target 'CNIOPosix' in project 'swift-nio'
        ➜ Explicit dependency on target 'DequeModule' in project 'swift-collections'
        ➜ Explicit dependency on target 'Atomics' in project 'swift-atomics'
    Target 'swift-nio_NIOPosix' in project 'swift-nio' (no dependencies)
    Target 'CNIOPosix' in project 'swift-nio' (no dependencies)
    Target 'NIOEmbedded' in project 'swift-nio'
        ➜ Explicit dependency on target 'CNIOAtomics' in project 'swift-nio'
        ➜ Explicit dependency on target 'NIOConcurrencyHelpers' in project 'swift-nio'
        ➜ Explicit dependency on target '_NIOBase64' in project 'swift-nio'
        ➜ Explicit dependency on target 'CNIOOpenBSD' in project 'swift-nio'
        ➜ Explicit dependency on target 'CNIODarwin' in project 'swift-nio'
        ➜ Explicit dependency on target 'CNIOLinux' in project 'swift-nio'
        ➜ Explicit dependency on target 'CNIOWindows' in project 'swift-nio'
        ➜ Explicit dependency on target 'CNIOWASI' in project 'swift-nio'
        ➜ Explicit dependency on target '_NIODataStructures' in project 'swift-nio'
        ➜ Explicit dependency on target 'NIOCore' in project 'swift-nio'
        ➜ Explicit dependency on target 'DequeModule' in project 'swift-collections'
        ➜ Explicit dependency on target 'Atomics' in project 'swift-atomics'
    Target 'NIOCore' in project 'swift-nio'
        ➜ Explicit dependency on target 'CNIOAtomics' in project 'swift-nio'
        ➜ Explicit dependency on target 'NIOConcurrencyHelpers' in project 'swift-nio'
        ➜ Explicit dependency on target '_NIOBase64' in project 'swift-nio'
        ➜ Explicit dependency on target 'CNIOOpenBSD' in project 'swift-nio'
        ➜ Explicit dependency on target 'CNIODarwin' in project 'swift-nio'
        ➜ Explicit dependency on target 'CNIOLinux' in project 'swift-nio'
        ➜ Explicit dependency on target 'CNIOWindows' in project 'swift-nio'
        ➜ Explicit dependency on target 'CNIOWASI' in project 'swift-nio'
        ➜ Explicit dependency on target '_NIODataStructures' in project 'swift-nio'
        ➜ Explicit dependency on target 'DequeModule' in project 'swift-collections'
        ➜ Explicit dependency on target 'Atomics' in project 'swift-atomics'
    Target 'Atomics' in project 'swift-atomics'
        ➜ Explicit dependency on target 'Atomics' in project 'swift-atomics'
        ➜ Explicit dependency on target '_AtomicsShims' in project 'swift-atomics'
    Target 'Atomics' in project 'swift-atomics'
        ➜ Explicit dependency on target '_AtomicsShims' in project 'swift-atomics'
    Target '_AtomicsShims' in project 'swift-atomics' (no dependencies)
    Target 'DequeModule' in project 'swift-collections'
        ➜ Explicit dependency on target 'DequeModule' in project 'swift-collections'
        ➜ Explicit dependency on target 'InternalCollectionsUtilities' in project 'swift-collections'
    Target 'DequeModule' in project 'swift-collections'
        ➜ Explicit dependency on target 'InternalCollectionsUtilities' in project 'swift-collections'
    Target '_NIODataStructures' in project 'swift-nio' (no dependencies)
    Target 'CNIOWASI' in project 'swift-nio' (no dependencies)
    Target 'CNIOWindows' in project 'swift-nio' (no dependencies)
    Target 'CNIOLinux' in project 'swift-nio' (no dependencies)
    Target 'CNIODarwin' in project 'swift-nio' (no dependencies)
    Target 'CNIOOpenBSD' in project 'swift-nio' (no dependencies)
    Target '_NIOBase64' in project 'swift-nio' (no dependencies)
    Target 'NIOConcurrencyHelpers' in project 'swift-nio'
        ➜ Explicit dependency on target 'CNIOAtomics' in project 'swift-nio'
    Target 'CNIOAtomics' in project 'swift-nio' (no dependencies)
    Target 'CAsyncHTTPClient' in project 'async-http-client' (no dependencies)
    Target 'EventSource' in project 'EventSource'
        ➜ Explicit dependency on target 'EventSource' in project 'EventSource'
    Target 'EventSource' in project 'EventSource' (no dependencies)
    Target 'MLXLLM' in project 'mlx-swift-lm'
        ➜ Explicit dependency on target 'MLXLLM' in project 'mlx-swift-lm'
        ➜ Explicit dependency on target 'MLXLMCommon' in project 'mlx-swift-lm'
        ➜ Explicit dependency on target 'MLX' in project 'mlx-swift'
        ➜ Explicit dependency on target 'MLXNN' in project 'mlx-swift'
        ➜ Explicit dependency on target 'MLXOptimizers' in project 'mlx-swift'
        ➜ Explicit dependency on target 'Transformers' in project 'swift-transformers'
    Target 'MLXLLM' in project 'mlx-swift-lm'
        ➜ Explicit dependency on target 'MLXLMCommon' in project 'mlx-swift-lm'
        ➜ Explicit dependency on target 'MLX' in project 'mlx-swift'
        ➜ Explicit dependency on target 'MLXNN' in project 'mlx-swift'
        ➜ Explicit dependency on target 'MLXOptimizers' in project 'mlx-swift'
        ➜ Explicit dependency on target 'Transformers' in project 'swift-transformers'
    Target 'MLXLMCommon' in project 'mlx-swift-lm'
        ➜ Explicit dependency on target 'MLX' in project 'mlx-swift'
        ➜ Explicit dependency on target 'MLXNN' in project 'mlx-swift'
        ➜ Explicit dependency on target 'MLXOptimizers' in project 'mlx-swift'
        ➜ Explicit dependency on target 'Transformers' in project 'swift-transformers'
    Target 'Transformers' in project 'swift-transformers'
        ➜ Explicit dependency on target 'Tokenizers' in project 'swift-transformers'
        ➜ Explicit dependency on target 'Generation' in project 'swift-transformers'
        ➜ Explicit dependency on target 'Models' in project 'swift-transformers'
        ➜ Explicit dependency on target 'Hub' in project 'swift-transformers'
        ➜ Explicit dependency on target 'Jinja' in project 'Jinja'
        ➜ Explicit dependency on target 'OrderedCollections' in project 'swift-collections'
        ➜ Explicit dependency on target 'Crypto' in project 'swift-crypto'
        ➜ Explicit dependency on target 'yyjson' in project 'yyjson'
    Target 'Models' in project 'swift-transformers'
        ➜ Explicit dependency on target 'Hub' in project 'swift-transformers'
        ➜ Explicit dependency on target 'Tokenizers' in project 'swift-transformers'
        ➜ Explicit dependency on target 'Generation' in project 'swift-transformers'
        ➜ Explicit dependency on target 'Jinja' in project 'Jinja'
        ➜ Explicit dependency on target 'OrderedCollections' in project 'swift-collections'
        ➜ Explicit dependency on target 'Crypto' in project 'swift-crypto'
        ➜ Explicit dependency on target 'yyjson' in project 'yyjson'
    Target 'Generation' in project 'swift-transformers'
        ➜ Explicit dependency on target 'Hub' in project 'swift-transformers'
        ➜ Explicit dependency on target 'Tokenizers' in project 'swift-transformers'
        ➜ Explicit dependency on target 'Jinja' in project 'Jinja'
        ➜ Explicit dependency on target 'OrderedCollections' in project 'swift-collections'
        ➜ Explicit dependency on target 'Crypto' in project 'swift-crypto'
        ➜ Explicit dependency on target 'yyjson' in project 'yyjson'
    Target 'Tokenizers' in project 'swift-transformers'
        ➜ Explicit dependency on target 'Hub' in project 'swift-transformers'
        ➜ Explicit dependency on target 'Jinja' in project 'Jinja'
        ➜ Explicit dependency on target 'OrderedCollections' in project 'swift-collections'
        ➜ Explicit dependency on target 'Crypto' in project 'swift-crypto'
        ➜ Explicit dependency on target 'yyjson' in project 'yyjson'
    Target 'Hub' in project 'swift-transformers'
        ➜ Explicit dependency on target 'swift-transformers_Hub' in project 'swift-transformers'
        ➜ Explicit dependency on target 'Jinja' in project 'Jinja'
        ➜ Explicit dependency on target 'OrderedCollections' in project 'swift-collections'
        ➜ Explicit dependency on target 'Crypto' in project 'swift-crypto'
        ➜ Explicit dependency on target 'yyjson' in project 'yyjson'
    Target 'yyjson' in project 'yyjson'
        ➜ Explicit dependency on target 'yyjson' in project 'yyjson'
    Target 'yyjson' in project 'yyjson' (no dependencies)
    Target 'Crypto' in project 'swift-crypto'
        ➜ Explicit dependency on target 'Crypto' in project 'swift-crypto'
        ➜ Explicit dependency on target 'swift-crypto_Crypto' in project 'swift-crypto'
    Target 'Crypto' in project 'swift-crypto'
        ➜ Explicit dependency on target 'swift-crypto_Crypto' in project 'swift-crypto'
    Target 'swift-crypto_Crypto' in project 'swift-crypto' (no dependencies)
    Target 'Jinja' in project 'Jinja'
        ➜ Explicit dependency on target 'Jinja' in project 'Jinja'
        ➜ Explicit dependency on target 'OrderedCollections' in project 'swift-collections'
    Target 'Jinja' in project 'Jinja'
        ➜ Explicit dependency on target 'OrderedCollections' in project 'swift-collections'
    Target 'OrderedCollections' in project 'swift-collections'
        ➜ Explicit dependency on target 'OrderedCollections' in project 'swift-collections'
        ➜ Explicit dependency on target 'InternalCollectionsUtilities' in project 'swift-collections'
    Target 'OrderedCollections' in project 'swift-collections'
        ➜ Explicit dependency on target 'InternalCollectionsUtilities' in project 'swift-collections'
    Target 'InternalCollectionsUtilities' in project 'swift-collections' (no dependencies)
    Target 'swift-transformers_Hub' in project 'swift-transformers' (no dependencies)
    Target 'MLXOptimizers' in project 'mlx-swift'
        ➜ Explicit dependency on target 'MLXOptimizers' in project 'mlx-swift'
        ➜ Explicit dependency on target 'Cmlx' in project 'mlx-swift'
        ➜ Explicit dependency on target 'MLX' in project 'mlx-swift'
        ➜ Explicit dependency on target 'MLXNN' in project 'mlx-swift'
        ➜ Explicit dependency on target 'Numerics' in project 'swift-numerics'
    Target 'MLXOptimizers' in project 'mlx-swift'
        ➜ Explicit dependency on target 'Cmlx' in project 'mlx-swift'
        ➜ Explicit dependency on target 'MLX' in project 'mlx-swift'
        ➜ Explicit dependency on target 'MLXNN' in project 'mlx-swift'
        ➜ Explicit dependency on target 'Numerics' in project 'swift-numerics'
    Target 'MLXNN' in project 'mlx-swift'
        ➜ Explicit dependency on target 'MLXNN' in project 'mlx-swift'
        ➜ Explicit dependency on target 'Cmlx' in project 'mlx-swift'
        ➜ Explicit dependency on target 'MLX' in project 'mlx-swift'
        ➜ Explicit dependency on target 'Numerics' in project 'swift-numerics'
    Target 'MLXNN' in project 'mlx-swift'
        ➜ Explicit dependency on target 'Cmlx' in project 'mlx-swift'
        ➜ Explicit dependency on target 'MLX' in project 'mlx-swift'
        ➜ Explicit dependency on target 'Numerics' in project 'swift-numerics'
    Target 'MLX' in project 'mlx-swift'
        ➜ Explicit dependency on target 'MLX' in project 'mlx-swift'
        ➜ Explicit dependency on target 'Cmlx' in project 'mlx-swift'
        ➜ Explicit dependency on target 'Numerics' in project 'swift-numerics'
    Target 'MLX' in project 'mlx-swift'
        ➜ Explicit dependency on target 'Cmlx' in project 'mlx-swift'
        ➜ Explicit dependency on target 'Numerics' in project 'swift-numerics'
    Target 'Numerics' in project 'swift-numerics'
        ➜ Explicit dependency on target 'Numerics' in project 'swift-numerics'
        ➜ Explicit dependency on target '_NumericsShims' in project 'swift-numerics'
        ➜ Explicit dependency on target 'RealModule' in project 'swift-numerics'
        ➜ Explicit dependency on target 'ComplexModule' in project 'swift-numerics'
    Target 'Numerics' in project 'swift-numerics'
        ➜ Explicit dependency on target '_NumericsShims' in project 'swift-numerics'
        ➜ Explicit dependency on target 'RealModule' in project 'swift-numerics'
        ➜ Explicit dependency on target 'ComplexModule' in project 'swift-numerics'
    Target 'ComplexModule' in project 'swift-numerics'
        ➜ Explicit dependency on target '_NumericsShims' in project 'swift-numerics'
        ➜ Explicit dependency on target 'RealModule' in project 'swift-numerics'
    Target 'RealModule' in project 'swift-numerics'
        ➜ Explicit dependency on target '_NumericsShims' in project 'swift-numerics'
    Target '_NumericsShims' in project 'swift-numerics' (no dependencies)
    Target 'Cmlx' in project 'mlx-swift'
        ➜ Explicit dependency on target 'mlx-swift_Cmlx' in project 'mlx-swift'
    Target 'mlx-swift_Cmlx' in project 'mlx-swift' (no dependencies)

GatherProvisioningInputs

CreateBuildDescription

ClangStatCache /Applications/Xcode.app/Contents/Developer/Toolchains/XcodeDefault.xctoolchain/usr/bin/clang-stat-cache /Applications/Xcode.app/Contents/Developer/Platforms/MacOSX.platform/Developer/SDKs/MacOSX26.4.sdk /Volumes/BackUP\ /My\ projects\ 2/rss/rss\ mac/.xcode-derived-data/SDKStatCaches.noindex/macosx26.4-25E236-688ef53f1462e2c8f657fdc38a81448f30f9ca8789b706f8bd3fc906a70d770f.sdkstatcache
    cd /Volumes/Back\ up\ 3/rss\ latest/rss\ mac/RSSReaderApp.xcodeproj
    /Applications/Xcode.app/Contents/Developer/Toolchains/XcodeDefault.xctoolchain/usr/bin/clang-stat-cache /Applications/Xcode.app/Contents/Developer/Platforms/MacOSX.platform/Developer/SDKs/MacOSX26.4.sdk -o /Volumes/BackUP\ /My\ projects\ 2/rss/rss\ mac/.xcode-derived-data/SDKStatCaches.noindex/macosx26.4-25E236-688ef53f1462e2c8f657fdc38a81448f30f9ca8789b706f8bd3fc906a70d770f.sdkstatcache

SwiftDriver RSSReaderApp\ (macOS) normal arm64 com.apple.xcode.tools.swift.compiler (in target 'RSSReaderApp (macOS)' from project 'RSSReaderApp')
    cd /Volumes/Back\ up\ 3/rss\ latest/rss\ mac
    builtin-SwiftDriver -- /Applications/Xcode.app/Contents/Developer/Toolchains/XcodeDefault.xctoolchain/usr/bin/swiftc -module-name RSSReaderApp -Onone @/Volumes/BackUP\ /My\ projects\ 2/rss/rss\ mac/.xcode-derived-data/Build/Intermediates.noindex/RSSReaderApp.build/Debug/RSSReaderApp\ \(macOS\).build/Objects-normal/arm64/RSSReaderApp.SwiftFileList -DDEBUG -Xcc -fmodule-map-file\=/Volumes/BackUP\ /My\ projects\ 2/rss/rss\ mac/.xcode-derived-data/Build/Intermediates.noindex/GeneratedModuleMaps/CNIOBoringSSLShims.modulemap -Xcc -fmodule-map-file\=/Volumes/BackUP\ /My\ projects\ 2/rss/rss\ mac/.xcode-derived-data/Build/Intermediates.noindex/GeneratedModuleMaps/CNIOExtrasZlib.modulemap -Xcc -fmodule-map-file\=/Volumes/BackUP\ /My\ projects\ 2/rss/rss\ mac/.xcode-derived-data/Build/Intermediates.noindex/GeneratedModuleMaps/CAsyncHTTPClient.modulemap -Xcc -fmodule-map-file\=/Volumes/BackUP\ /My\ projects\ 2/rss/rss\ mac/.xcode-derived-data/Build/Intermediates.noindex/GeneratedModuleMaps/CNIOLLHTTP.modulemap -Xcc -fmodule-map-file\=/Volumes/BackUP\ /My\ projects\ 2/rss/rss\ mac/.xcode-derived-data/Build/Intermediates.noindex/GeneratedModuleMaps/CNIOPosix.modulemap -Xcc -fmodule-map-file\=/Volumes/BackUP\ /My\ projects\ 2/rss/rss\ mac/.xcode-derived-data/Build/Intermediates.noindex/GeneratedModuleMaps/CNIOWASI.modulemap -Xcc -fmodule-map-file\=/Volumes/BackUP\ /My\ projects\ 2/rss/rss\ mac/.xcode-derived-data/Build/Intermediates.noindex/GeneratedModuleMaps/CNIOLinux.modulemap -Xcc -fmodule-map-file\=/Volumes/BackUP\ /My\ projects\ 2/rss/rss\ mac/.xcode-derived-data/Build/Intermediates.noindex/GeneratedModuleMaps/CNIODarwin.modulemap -Xcc -fmodule-map-file\=/Volumes/BackUP\ /My\ projects\ 2/rss/rss\ mac/.xcode-derived-data/Build/Intermediates.noindex/GeneratedModuleMaps/CNIOOpenBSD.modulemap -Xcc -fmodule-map-file\=/Volumes/BackUP\ /My\ projects\ 2/rss/rss\ mac/.xcode-derived-data/Build/Intermediates.noindex/GeneratedModuleMaps/CNIOAtomics.modulemap -Xcc -fmodule-map-file\=/Volumes/BackUP\ /My\ projects\ 2/rss/rss\ mac/.xcode-derived-data/Build/Intermediates.noindex/GeneratedModuleMaps/yyjson.modulemap -enable-bare-slash-regex -enable-experimental-feature DebugDescriptionMacro -sdk /Applications/Xcode.app/Contents/Developer/Platforms/MacOSX.platform/Developer/SDKs/MacOSX26.4.sdk -target arm64-apple-macos26.0 -g -module-cache-path /Volumes/BackUP\ /My\ projects\ 2/rss/rss\ mac/.xcode-derived-data/ModuleCache.noindex -Xfrontend -serialize-debugging-options -enable-testing -Xcc -D_LIBCPP_HARDENING_MODE\=_LIBCPP_HARDENING_MODE_DEBUG -swift-version 5 -I /Volumes/BackUP\ /My\ projects\ 2/rss/rss\ mac/.xcode-derived-data/Build/Products/Debug -F /Volumes/BackUP\ /My\ projects\ 2/rss/rss\ mac/.xcode-derived-data/Build/Products/Debug/PackageFrameworks -F /Volumes/BackUP\ /My\ projects\ 2/rss/rss\ mac/.xcode-derived-data/Build/Products/Debug/PackageFrameworks -F /Volumes/BackUP\ /My\ projects\ 2/rss/rss\ mac/.xcode-derived-data/Build/Products/Debug/PackageFrameworks -F /Volumes/BackUP\ /My\ projects\ 2/rss/rss\ mac/.xcode-derived-data/Build/Products/Debug/PackageFrameworks -F /Volumes/BackUP\ /My\ projects\ 2/rss/rss\ mac/.xcode-derived-data/Build/Products/Debug/PackageFrameworks -F /Volumes/BackUP\ /My\ projects\ 2/rss/rss\ mac/.xcode-derived-data/Build/Products/Debug/PackageFrameworks -F /Volumes/BackUP\ /My\ projects\ 2/rss/rss\ mac/.xcode-derived-data/Build/Products/Debug/PackageFrameworks -F /Volumes/BackUP\ /My\ projects\ 2/rss/rss\ mac/.xcode-derived-data/Build/Products/Debug/PackageFrameworks -F /Volumes/BackUP\ /My\ projects\ 2/rss/rss\ mac/.xcode-derived-data/Build/Products/Debug/PackageFrameworks -F /Volumes/BackUP\ /My\ projects\ 2/rss/rss\ mac/.xcode-derived-data/Build/Products/Debug/PackageFrameworks -F /Volumes/BackUP\ /My\ projects\ 2/rss/rss\ mac/.xcode-derived-data/Build/Products/Debug/PackageFrameworks -F /Volumes/BackUP\ /My\ projects\ 2/rss/rss\ mac/.xcode-derived-data/Build/Products/Debug/PackageFrameworks -F /Volumes/BackUP\ /My\ projects\ 2/rss/rss\ mac/.xcode-derived-data/Build/Products/Debug/PackageFrameworks -F /Volumes/BackUP\ /My\ projects\ 2/rss/rss\ mac/.xcode-derived-data/Build/Products/Debug/PackageFrameworks -F /Volumes/BackUP\ /My\ projects\ 2/rss/rss\ mac/.xcode-derived-data/Build/Products/Debug/PackageFrameworks -F /Volumes/BackUP\ /My\ projects\ 2/rss/rss\ mac/.xcode-derived-data/Build/Products/Debug/PackageFrameworks -F /Volumes/BackUP\ /My\ projects\ 2/rss/rss\ mac/.xcode-derived-data/Build/Products/Debug/PackageFrameworks -F /Volumes/BackUP\ /My\ projects\ 2/rss/rss\ mac/.xcode-derived-data/Build/Products/Debug/PackageFrameworks -F /Volumes/BackUP\ /My\ projects\ 2/rss/rss\ mac/.xcode-derived-data/Build/Products/Debug/PackageFrameworks -F /Volumes/BackUP\ /My\ projects\ 2/rss/rss\ mac/.xcode-derived-data/Build/Products/Debug/PackageFrameworks -F /Volumes/BackUP\ /My\ projects\ 2/rss/rss\ mac/.xcode-derived-data/Build/Products/Debug/PackageFrameworks -F /Volumes/BackUP\ /My\ projects\ 2/rss/rss\ mac/.xcode-derived-data/Build/Products/Debug/PackageFrameworks -F /Volumes/BackUP\ /My\ projects\ 2/rss/rss\ mac/.xcode-derived-data/Build/Products/Debug/PackageFrameworks -F /Volumes/BackUP\ /My\ projects\ 2/rss/rss\ mac/.xcode-derived-data/Build/Products/Debug/PackageFrameworks -F /Volumes/BackUP\ /My\ projects\ 2/rss/rss\ mac/.xcode-derived-data/Build/Products/Debug/PackageFrameworks -F /Volumes/BackUP\ /My\ projects\ 2/rss/rss\ mac/.xcode-derived-data/Build/Products/Debug/PackageFrameworks -F /Volumes/BackUP\ /My\ projects\ 2/rss/rss\ mac/.xcode-derived-data/Build/Products/Debug/PackageFrameworks -F /Volumes/BackUP\ /My\ projects\ 2/rss/rss\ mac/.xcode-derived-data/Build/Products/Debug/PackageFrameworks -F /Volumes/BackUP\ /My\ projects\ 2/rss/rss\ mac/.xcode-derived-data/Build/Products/Debug/PackageFrameworks -F /Volumes/BackUP\ /My\ projects\ 2/rss/rss\ mac/.xcode-derived-data/Build/Products/Debug/PackageFrameworks -F /Volumes/BackUP\ /My\ projects\ 2/rss/rss\ mac/.xcode-derived-data/Build/Products/Debug/PackageFrameworks -F /Volumes/BackUP\ /My\ projects\ 2/rss/rss\ mac/.xcode-derived-data/Build/Products/Debug/PackageFrameworks -F /Volumes/BackUP\ /My\ projects\ 2/rss/rss\ mac/.xcode-derived-data/Build/Products/Debug/PackageFrameworks -F /Volumes/BackUP\ /My\ projects\ 2/rss/rss\ mac/.xcode-derived-data/Build/Products/Debug/PackageFrameworks -F /Volumes/BackUP\ /My\ projects\ 2/rss/rss\ mac/.xcode-derived-data/Build/Products/Debug/PackageFrameworks -F /Volumes/BackUP\ /My\ projects\ 2/rss/rss\ mac/.xcode-derived-data/Build/Products/Debug/PackageFrameworks -F /Volumes/BackUP\ /My\ projects\ 2/rss/rss\ mac/.xcode-derived-data/Build/Products/Debug/PackageFrameworks -F /Volumes/BackUP\ /My\ projects\ 2/rss/rss\ mac/.xcode-derived-data/Build/Products/Debug/PackageFrameworks -F /Volumes/BackUP\ /My\ projects\ 2/rss/rss\ mac/.xcode-derived-data/Build/Products/Debug/PackageFrameworks -F /Volumes/BackUP\ /My\ projects\ 2/rss/rss\ mac/.xcode-derived-data/Build/Products/Debug/PackageFrameworks -F /Volumes/BackUP\ /My\ projects\ 2/rss/rss\ mac/.xcode-derived-data/Build/Products/Debug/PackageFrameworks -F /Volumes/BackUP\ /My\ projects\ 2/rss/rss\ mac/.xcode-derived-data/Build/Products/Debug/PackageFrameworks -F /Volumes/BackUP\ /My\ projects\ 2/rss/rss\ mac/.xcode-derived-data/Build/Products/Debug/PackageFrameworks -F /Volumes/BackUP\ /My\ projects\ 2/rss/rss\ mac/.xcode-derived-data/Build/Products/Debug/PackageFrameworks -F /Volumes/BackUP\ /My\ projects\ 2/rss/rss\ mac/.xcode-derived-data/Build/Products/Debug/PackageFrameworks -F /Volumes/BackUP\ /My\ projects\ 2/rss/rss\ mac/.xcode-derived-data/Build/Products/Debug/PackageFrameworks -F /Volumes/BackUP\ /My\ projects\ 2/rss/rss\ mac/.xcode-derived-data/Build/Products/Debug/PackageFrameworks -F /Volumes/BackUP\ /My\ projects\ 2/rss/rss\ mac/.xcode-derived-data/Build/Products/Debug/PackageFrameworks -F /Volumes/BackUP\ /My\ projects\ 2/rss/rss\ mac/.xcode-derived-data/Build/Products/Debug/PackageFrameworks -F /Volumes/BackUP\ /My\ projects\ 2/rss/rss\ mac/.xcode-derived-data/Build/Products/Debug/PackageFrameworks -F /Volumes/BackUP\ /My\ projects\ 2/rss/rss\ mac/.xcode-derived-data/Build/Products/Debug/PackageFrameworks -F /Volumes/BackUP\ /My\ projects\ 2/rss/rss\ mac/.xcode-derived-data/Build/Products/Debug/PackageFrameworks -F /Volumes/BackUP\ /My\ projects\ 2/rss/rss\ mac/.xcode-derived-data/Build/Products/Debug/PackageFrameworks -F /Volumes/BackUP\ /My\ projects\ 2/rss/rss\ mac/.xcode-derived-data/Build/Products/Debug/PackageFrameworks -F /Volumes/BackUP\ /My\ projects\ 2/rss/rss\ mac/.xcode-derived-data/Build/Products/Debug/PackageFrameworks -F /Volumes/BackUP\ /My\ projects\ 2/rss/rss\ mac/.xcode-derived-data/Build/Products/Debug/PackageFrameworks -F /Volumes/BackUP\ /My\ projects\ 2/rss/rss\ mac/.xcode-derived-data/Build/Products/Debug/PackageFrameworks -F /Volumes/BackUP\ /My\ projects\ 2/rss/rss\ mac/.xcode-derived-data/Build/Products/Debug/PackageFrameworks -F /Volumes/BackUP\ /My\ projects\ 2/rss/rss\ mac/.xcode-derived-data/Build/Products/Debug/PackageFrameworks -F /Volumes/BackUP\ /My\ projects\ 2/rss/rss\ mac/.xcode-derived-data/Build/Products/Debug/PackageFrameworks -F /Volumes/BackUP\ /My\ projects\ 2/rss/rss\ mac/.xcode-derived-data/Build/Products/Debug/PackageFrameworks -F /Volumes/BackUP\ /My\ projects\ 2/rss/rss\ mac/.xcode-derived-data/Build/Products/Debug/PackageFrameworks -F /Volumes/BackUP\ /My\ projects\ 2/rss/rss\ mac/.xcode-derived-data/Build/Products/Debug/PackageFrameworks -F /Volumes/BackUP\ /My\ projects\ 2/rss/rss\ mac/.xcode-derived-data/Build/Products/Debug/PackageFrameworks -F /Volumes/BackUP\ /My\ projects\ 2/rss/rss\ mac/.xcode-derived-data/Build/Products/Debug/PackageFrameworks -F /Volumes/BackUP\ /My\ projects\ 2/rss/rss\ mac/.xcode-derived-data/Build/Products/Debug/PackageFrameworks -F /Volumes/BackUP\ /My\ projects\ 2/rss/rss\ mac/.xcode-derived-data/Build/Products/Debug/PackageFrameworks -F /Volumes/BackUP\ /My\ projects\ 2/rss/rss\ mac/.xcode-derived-data/Build/Products/Debug/PackageFrameworks -F /Volumes/BackUP\ /My\ projects\ 2/rss/rss\ mac/.xcode-derived-data/Build/Products/Debug/PackageFrameworks -F /Volumes/BackUP\ /My\ projects\ 2/rss/rss\ mac/.xcode-derived-data/Build/Products/Debug -emit-localized-strings -emit-localized-strings-path /Volumes/BackUP\ /My\ projects\ 2/rss/rss\ mac/.xcode-derived-data/Build/Intermediates.noindex/RSSReaderApp.build/Debug/RSSReaderApp\ \(macOS\).build/Objects-normal/arm64 -c -j10 -enable-batch-mode -incremental -Xcc -ivfsstatcache -Xcc /Volumes/BackUP\ /My\ projects\ 2/rss/rss\ mac/.xcode-derived-data/SDKStatCaches.noindex/macosx26.4-25E236-688ef53f1462e2c8f657fdc38a81448f30f9ca8789b706f8bd3fc906a70d770f.sdkstatcache -output-file-map /Volumes/BackUP\ /My\ projects\ 2/rss/rss\ mac/.xcode-derived-data/Build/Intermediates.noindex/RSSReaderApp.build/Debug/RSSReaderApp\ \(macOS\).build/Objects-normal/arm64/RSSReaderApp\ \(macOS\)-OutputFileMap.json -use-frontend-parseable-output -save-temps -no-color-diagnostics -serialize-diagnostics -emit-dependencies -emit-module -emit-module-path /Volumes/BackUP\ /My\ projects\ 2/rss/rss\ mac/.xcode-derived-data/Build/Intermediates.noindex/RSSReaderApp.build/Debug/RSSReaderApp\ \(macOS\).build/Objects-normal/arm64/RSSReaderApp.swiftmodule -validate-clang-modules-once -clang-build-session-file /Volumes/BackUP\ /My\ projects\ 2/rss/rss\ mac/.xcode-derived-data/ModuleCache.noindex/Session.modulevalidation -Xcc -I/Volumes/BackUP\ /My\ projects\ 2/rss/rss\ mac/.xcode-derived-data/Build/Intermediates.noindex/RSSReaderApp.build/Debug/RSSReaderApp\ \(macOS\).build/swift-overrides.hmap -emit-const-values -Xfrontend -const-gather-protocols-file -Xfrontend /Volumes/BackUP\ /My\ projects\ 2/rss/rss\ mac/.xcode-derived-data/Build/Intermediates.noindex/RSSReaderApp.build/Debug/RSSReaderApp\ \(macOS\).build/Objects-normal/arm64/RSSReaderApp\ \(macOS\)_const_extract_protocols.json -Xcc -iquote -Xcc /Volumes/BackUP\ /My\ projects\ 2/rss/rss\ mac/.xcode-derived-data/Build/Intermediates.noindex/RSSReaderApp.build/Debug/RSSReaderApp\ \(macOS\).build/RSSReaderApp-generated-files.hmap -Xcc -I/Volumes/BackUP\ /My\ projects\ 2/rss/rss\ mac/.xcode-derived-data/Build/Intermediates.noindex/RSSReaderApp.build/Debug/RSSReaderApp\ \(macOS\).build/RSSReaderApp-own-target-headers.hmap -Xcc -I/Volumes/BackUP\ /My\ projects\ 2/rss/rss\ mac/.xcode-derived-data/Build/Intermediates.noindex/RSSReaderApp.build/Debug/RSSReaderApp\ \(macOS\).build/RSSReaderApp-all-non-framework-target-headers.hmap -Xcc -ivfsoverlay -Xcc /Volumes/BackUP\ /My\ projects\ 2/rss/rss\ mac/.xcode-derived-data/Build/Intermediates.noindex/RSSReaderApp.build/Debug/RSSReaderApp-c40851c573f48485b6ef7aa5f8f62cbd-VFS/all-product-headers.yaml -Xcc -iquote -Xcc /Volumes/BackUP\ /My\ projects\ 2/rss/rss\ mac/.xcode-derived-data/Build/Intermediates.noindex/RSSReaderApp.build/Debug/RSSReaderApp\ \(macOS\).build/RSSReaderApp-project-headers.hmap -Xcc -I/Volumes/BackUP\ /My\ projects\ 2/rss/rss\ mac/.xcode-derived-data/RSSReaderApp-egzdqkuxvbbwfzdqleixixxxsvfv/SourcePackages/checkouts/swift-nio-ssl/Sources/CNIOBoringSSLShims/include -Xcc -I/Volumes/BackUP\ /My\ projects\ 2/rss/rss\ mac/.xcode-derived-data/RSSReaderApp-egzdqkuxvbbwfzdqleixixxxsvfv/SourcePackages/checkouts/swift-nio-ssl/Sources/CNIOBoringSSL/include -Xcc -I/Volumes/BackUP\ /My\ projects\ 2/rss/rss\ mac/.xcode-derived-data/RSSReaderApp-egzdqkuxvbbwfzdqleixixxxsvfv/SourcePackages/checkouts/swift-nio-extras/Sources/CNIOExtrasZlib/include -Xcc -I/Volumes/BackUP\ /My\ projects\ 2/rss/rss\ mac/.xcode-derived-data/RSSReaderApp-egzdqkuxvbbwfzdqleixixxxsvfv/SourcePackages/checkouts/swift-system/Sources/CSystem/include -Xcc -I/Volumes/BackUP\ /My\ projects\ 2/rss/rss\ mac/.xcode-derived-data/RSSReaderApp-egzdqkuxvbbwfzdqleixixxxsvfv/SourcePackages/checkouts/async-http-client/Sources/CAsyncHTTPClient/include -Xcc -I/Volumes/BackUP\ /My\ projects\ 2/rss/rss\ mac/.xcode-derived-data/RSSReaderApp-egzdqkuxvbbwfzdqleixixxxsvfv/SourcePackages/checkouts/swift-nio/Sources/CNIOLLHTTP/include -Xcc -I/Volumes/BackUP\ /My\ projects\ 2/rss/rss\ mac/.xcode-derived-data/RSSReaderApp-egzdqkuxvbbwfzdqleixixxxsvfv/SourcePackages/checkouts/swift-nio/Sources/CNIOPosix/include -Xcc -I/Volumes/BackUP\ /My\ projects\ 2/rss/rss\ mac/.xcode-derived-data/RSSReaderApp-egzdqkuxvbbwfzdqleixixxxsvfv/SourcePackages/checkouts/swift-nio/Sources/CNIOWASI/include -Xcc -I/Volumes/BackUP\ /My\ projects\ 2/rss/rss\ mac/.xcode-derived-data/RSSReaderApp-egzdqkuxvbbwfzdqleixixxxsvfv/SourcePackages/checkouts/swift-nio/Sources/CNIOWindows/include -Xcc -I/Volumes/BackUP\ /My\ projects\ 2/rss/rss\ mac/.xcode-derived-data/RSSReaderApp-egzdqkuxvbbwfzdqleixixxxsvfv/SourcePackages/checkouts/swift-nio/Sources/CNIOLinux/include -Xcc -I/Volumes/BackUP\ /My\ projects\ 2/rss/rss\ mac/.xcode-derived-data/RSSReaderApp-egzdqkuxvbbwfzdqleixixxxsvfv/SourcePackages/checkouts/swift-nio/Sources/CNIODarwin/include -Xcc -I/Volumes/BackUP\ /My\ projects\ 2/rss/rss\ mac/.xcode-derived-data/RSSReaderApp-egzdqkuxvbbwfzdqleixixxxsvfv/SourcePackages/checkouts/swift-nio/Sources/CNIOOpenBSD/include -Xcc -I/Volumes/BackUP\ /My\ projects\ 2/rss/rss\ mac/.xcode-derived-data/RSSReaderApp-egzdqkuxvbbwfzdqleixixxxsvfv/SourcePackages/checkouts/swift-nio/Sources/CNIOAtomics/include -Xcc -I/Volumes/BackUP\ /My\ projects\ 2/rss/rss\ mac/.xcode-derived-data/RSSReaderApp-egzdqkuxvbbwfzdqleixixxxsvfv/SourcePackages/checkouts/swift-atomics/Sources/_AtomicsShims/include -Xcc -I/Volumes/BackUP\ /My\ projects\ 2/rss/rss\ mac/.xcode-derived-data/RSSReaderApp-egzdqkuxvbbwfzdqleixixxxsvfv/SourcePackages/checkouts/swift-numerics/Sources/_NumericsShims/include -Xcc -I/Volumes/BackUP\ /My\ projects\ 2/rss/rss\ mac/.xcode-derived-data/RSSReaderApp-egzdqkuxvbbwfzdqleixixxxsvfv/SourcePackages/checkouts/mlx-swift/Source/Cmlx/include -Xcc -I/Volumes/BackUP\ /My\ projects\ 2/rss/rss\ mac/.xcode-derived-data/RSSReaderApp-egzdqkuxvbbwfzdqleixixxxsvfv/SourcePackages/checkouts/yyjson/src -Xcc -I/Volumes/BackUP\ /My\ projects\ 2/rss/rss\ mac/.xcode-derived-data/Build/Products/Debug/include -Xcc -I/Volumes/BackUP\ /My\ projects\ 2/rss/rss\ mac/.xcode-derived-data/Build/Intermediates.noindex/RSSReaderApp.build/Debug/RSSReaderApp\ \(macOS\).build/DerivedSources-normal/arm64 -Xcc -I/Volumes/BackUP\ /My\ projects\ 2/rss/rss\ mac/.xcode-derived-data/Build/Intermediates.noindex/RSSReaderApp.build/Debug/RSSReaderApp\ \(macOS\).build/DerivedSources/arm64 -Xcc -I/Volumes/BackUP\ /My\ projects\ 2/rss/rss\ mac/.xcode-derived-data/Build/Intermediates.noindex/RSSReaderApp.build/Debug/RSSReaderApp\ \(macOS\).build/DerivedSources -Xcc -DDEBUG\=1 -emit-objc-header -emit-objc-header-path /Volumes/BackUP\ /My\ projects\ 2/rss/rss\ mac/.xcode-derived-data/Build/Intermediates.noindex/RSSReaderApp.build/Debug/RSSReaderApp\ \(macOS\).build/Objects-normal/arm64/RSSReaderApp-Swift.h -working-directory /Volumes/Back\ up\ 3/rss\ latest/rss\ mac -experimental-emit-module-separately -disable-cmo

SwiftCompile normal arm64 Compiling\ SummarizeBridge.swift /Volumes/Back\ up\ 3/rss\ latest/rss\ mac/RSSReaderApp/Services/SummarizeBridge.swift (in target 'RSSReaderApp (macOS)' from project 'RSSReaderApp')

SwiftCompile normal arm64 /Volumes/Back\ up\ 3/rss\ latest/rss\ mac/RSSReaderApp/Services/SummarizeBridge.swift (in target 'RSSReaderApp (macOS)' from project 'RSSReaderApp')
    cd /Volumes/Back\ up\ 3/rss\ latest/rss\ mac
    

SwiftEmitModule normal arm64 Emitting\ module\ for\ RSSReaderApp (in target 'RSSReaderApp (macOS)' from project 'RSSReaderApp')
EmitSwiftModule normal arm64 (in target 'RSSReaderApp (macOS)' from project 'RSSReaderApp')
    cd /Volumes/Back\ up\ 3/rss\ latest/rss\ mac
    
/Volumes/Back up 3/rss latest/rss mac/RSSReaderApp/Views/ContentView.swift:3740:44: warning: 'NSSpeechSynthesizer' was deprecated in macOS 14.0: Use AVSpeechSynthesizer in AVFoundation instead
    @State private var localSpeechSynthQA: NSSpeechSynthesizer?
                                           ^
/Volumes/Back up 3/rss latest/rss mac/RSSReaderApp/Views/ContentView.swift:6874:42: warning: 'NSSpeechSynthesizer' was deprecated in macOS 14.0: Use AVSpeechSynthesizer in AVFoundation instead
    @State private var localSpeechSynth: NSSpeechSynthesizer?
                                         ^
/Volumes/Back up 3/rss latest/rss mac/RSSReaderApp/Views/ContentView.swift:11629:42: warning: 'NSSpeechSynthesizer' was deprecated in macOS 14.0: Use AVSpeechSynthesizer in AVFoundation instead
    @State private var localSpeechSynth: NSSpeechSynthesizer?
                                         ^
/Volumes/Back up 3/rss latest/rss mac/RSSReaderApp/Views/SummaryColumnView.swift:36:42: warning: 'NSSpeechSynthesizer' was deprecated in macOS 14.0: Use AVSpeechSynthesizer in AVFoundation instead
    @State private var localSpeechSynth: NSSpeechSynthesizer?
                                         ^
/Volumes/Back up 3/rss latest/rss mac/RSSReaderApp/Services/KokoroTTSService.swift:92:17: warning: type 'any SpeechGenerationModel' does not conform to the 'Sendable' protocol; this is an error in the Swift 6 language mode
    private var initTask: Task<SpeechGenerationModel, Error>?
                ^
/Volumes/Back up 3/rss latest/rss mac/Packages/mlx-audio-swift/Sources/MLXAudioTTS/Generation.swift:5:17: note: protocol 'SpeechGenerationModel' does not conform to the 'Sendable' protocol
public protocol SpeechGenerationModel: AnyObject {
                ^
/Volumes/Back up 3/rss latest/rss mac/RSSReaderApp/Services/KokoroTTSService.swift:250:18: warning: type 'any SpeechGenerationModel' does not conform to the 'Sendable' protocol; this is an error in the Swift 6 language mode
    private func currentInitTask() -> Task<SpeechGenerationModel, Error>? {
                 ^
/Volumes/Back up 3/rss latest/rss mac/Packages/mlx-audio-swift/Sources/MLXAudioTTS/Generation.swift:5:17: note: protocol 'SpeechGenerationModel' does not conform to the 'Sendable' protocol
public protocol SpeechGenerationModel: AnyObject {
                ^
/Volumes/Back up 3/rss latest/rss mac/RSSReaderApp/Services/KokoroTTSService.swift:256:18: warning: type 'any SpeechGenerationModel' does not conform to the 'Sendable' protocol; this is an error in the Swift 6 language mode
    private func setInitTask(_ task: Task<SpeechGenerationModel, Error>?) {
                 ^
/Volumes/Back up 3/rss latest/rss mac/Packages/mlx-audio-swift/Sources/MLXAudioTTS/Generation.swift:5:17: note: protocol 'SpeechGenerationModel' does not conform to the 'Sendable' protocol
public protocol SpeechGenerationModel: AnyObject {
                ^
/Volumes/Back up 3/rss latest/rss mac/RSSReaderApp/Views/WebAIHandoffView.swift:13:31: warning: 'WKProcessPool' was deprecated in macOS 12.0: Creating and using multiple instances of WKProcessPool no longer has any effect.
    private let processPool = WKProcessPool()
                              ^
/Volumes/Back up 3/rss latest/rss mac/RSSReaderApp/Views/RedditDetailView.swift:106:44: warning: 'NSSpeechSynthesizer' was deprecated in macOS 14.0: Use AVSpeechSynthesizer in AVFoundation instead
    @State private var localSpeechSynthQA: NSSpeechSynthesizer?
                                           ^
/Volumes/Back up 3/rss latest/rss mac/RSSReaderApp/Views/RedditDetailView.swift:125:49: warning: 'NSSpeechSynthesizer' was deprecated in macOS 14.0: Use AVSpeechSynthesizer in AVFoundation instead
    @State private var localSpeechSynthSummary: NSSpeechSynthesizer?
                                                ^
/Volumes/Back up 3/rss latest/rss mac/RSSReaderApp/Views/RedditDetailView.swift:3768:42: warning: 'NSSpeechSynthesizer' was deprecated in macOS 14.0: Use AVSpeechSynthesizer in AVFoundation instead
    @State private var localSpeechSynth: NSSpeechSynthesizer?
                                         ^
/Volumes/Back up 3/rss latest/rss mac/RSSReaderApp/Views/RedditDetailView.swift:4511:42: warning: 'NSSpeechSynthesizer' was deprecated in macOS 14.0: Use AVSpeechSynthesizer in AVFoundation instead
    @State private var localSpeechSynth: NSSpeechSynthesizer?
                                         ^
/Volumes/Back up 3/rss latest/rss mac/RSSReaderApp/Views/CommentViews.swift:11:1: warning: extension declares a conformance of imported type 'URL' to imported protocol 'Identifiable'; this will not behave correctly if the owners of 'Foundation' introduce this conformance in the future
extension URL: Identifiable {
^
/Volumes/Back up 3/rss latest/rss mac/RSSReaderApp/Views/CommentViews.swift:11:1: note: add '@retroactive' to silence this warning
extension URL: Identifiable {
^              ~~~~~~~~~~~~
               @retroactive Identifiable
/Volumes/Back up 3/rss latest/rss mac/RSSReaderApp/Utilities/AudioUtils.swift:92:18: warning: 'NSSpeechSynthesizer' was deprecated in macOS 14.0: Use AVSpeechSynthesizer in AVFoundation instead
public extension NSSpeechSynthesizer.VoiceName {
                 ^
/Volumes/Back up 3/rss latest/rss mac/RSSReaderApp/Utilities/AudioUtils.swift:92:38: warning: 'VoiceName' was deprecated in macOS 14.0: Use AVSpeechSynthesizer in AVFoundation instead
public extension NSSpeechSynthesizer.VoiceName {
                                     ^
/Volumes/Back up 3/rss latest/rss mac/RSSReaderApp/Utilities/AudioUtils.swift:99:26: warning: 'NSSpeechSynthesizer' was deprecated in macOS 14.0: Use AVSpeechSynthesizer in AVFoundation instead
    let availableNames = NSSpeechSynthesizer.availableVoices
                         ^
/Volumes/Back up 3/rss latest/rss mac/RSSReaderApp/Utilities/AudioUtils.swift:99:46: warning: 'availableVoices' was deprecated in macOS 14.0: Use AVSpeechSynthesizer in AVFoundation instead
    let availableNames = NSSpeechSynthesizer.availableVoices
                                             ^
/Volumes/Back up 3/rss latest/rss mac/RSSReaderApp/Utilities/AudioUtils.swift:109:21: warning: 'NSSpeechSynthesizer' was deprecated in macOS 14.0: Use AVSpeechSynthesizer in AVFoundation instead
        let attrs = NSSpeechSynthesizer.attributes(forVoice: voiceName)
                    ^
/Volumes/Back up 3/rss latest/rss mac/RSSReaderApp/Utilities/AudioUtils.swift:109:41: warning: 'attributes(forVoice:)' was deprecated in macOS 14.0: Use AVSpeechSynthesizer in AVFoundation instead
        let attrs = NSSpeechSynthesizer.attributes(forVoice: voiceName)
                                        ^
/Volumes/Back up 3/rss latest/rss mac/RSSReaderApp/Utilities/AudioUtils.swift:110:34: warning: 'NSSpeechSynthesizer' was deprecated in macOS 14.0: Use AVSpeechSynthesizer in AVFoundation instead
        let displayName = (attrs[NSSpeechSynthesizer.VoiceAttributeKey.name] as? String) ?? ""
                                 ^
/Volumes/Back up 3/rss latest/rss mac/RSSReaderApp/Utilities/AudioUtils.swift:110:54: warning: 'VoiceAttributeKey' was deprecated in macOS 14.0: Use AVSpeechSynthesizer in AVFoundation instead
        let displayName = (attrs[NSSpeechSynthesizer.VoiceAttributeKey.name] as? String) ?? ""
                                                     ^
/Volumes/Back up 3/rss latest/rss mac/RSSReaderApp/Utilities/AudioUtils.swift:110:72: warning: 'name' was deprecated in macOS 14.0: Use AVSpeechSynthesizer in AVFoundation instead
        let displayName = (attrs[NSSpeechSynthesizer.VoiceAttributeKey.name] as? String) ?? ""
                                                                       ^
/Volumes/Back up 3/rss latest/rss mac/RSSReaderApp/Utilities/AudioUtils.swift:111:29: warning: 'NSSpeechSynthesizer' was deprecated in macOS 14.0: Use AVSpeechSynthesizer in AVFoundation instead
        let locale = (attrs[NSSpeechSynthesizer.VoiceAttributeKey.localeIdentifier] as? String) ?? ""
                            ^
/Volumes/Back up 3/rss latest/rss mac/RSSReaderApp/Utilities/AudioUtils.swift:111:49: warning: 'VoiceAttributeKey' was deprecated in macOS 14.0: Use AVSpeechSynthesizer in AVFoundation instead
        let locale = (attrs[NSSpeechSynthesizer.VoiceAttributeKey.localeIdentifier] as? String) ?? ""
                                                ^
/Volumes/Back up 3/rss latest/rss mac/RSSReaderApp/Utilities/SoundDelegate.swift:45:45: warning: 'NSSpeechSynthesizer' was deprecated in macOS 14.0: Use AVSpeechSynthesizer in AVFoundation instead
    public func speechSynthesizer(_ sender: NSSpeechSynthesizer, didFinishSpeaking finishedSpeaking: Bool) {
                                            ^
/Volumes/Back up 3/rss latest/rss mac/RSSReaderApp/Utilities/SoundDelegate.swift:31:74: warning: 'NSSpeechSynthesizerDelegate' was deprecated in macOS 14.0: Use AVSpeechSynthesizer in AVFoundation instead
public class SoundDelegate: NSObject, ObservableObject, NSSoundDelegate, NSSpeechSynthesizerDelegate {
                                                                         ^
/Volumes/Back up 3/rss latest/rss mac/RSSReaderApp/Views/ContentView.swift:5156:31: warning: 'nextIndex' mutated after capture by sendable closure
                    nextIndex += 1
                              ^
/Volumes/Back up 3/rss latest/rss mac/RSSReaderApp/Views/ContentView.swift:5147:21: note: variable defined here
                var nextIndex = 1
                    ^
/Volumes/Back up 3/rss latest/rss mac/RSSReaderApp/Views/ContentView.swift:5148:57: note: variable captured by sendable closure
                var nextTask: Task<Data, Error>? = Task { try await synthesizeWithTimeout(chunks[nextIndex]) }
                                                        ^
/Volumes/Back up 3/rss latest/rss mac/RSSReaderApp/Views/ContentView.swift:5148:98: note: capturing use
                var nextTask: Task<Data, Error>? = Task { try await synthesizeWithTimeout(chunks[nextIndex]) }
                                                                                                 ^
/Volumes/Back up 3/rss latest/rss mac/RSSReaderApp/Views/ContentView.swift:5147:21: note: variable defined here
                var nextIndex = 1
                    ^
/Volumes/Back up 3/rss latest/rss mac/RSSReaderApp/Views/ContentView.swift:5148:57: note: variable captured by sendable closure
                var nextTask: Task<Data, Error>? = Task { try await synthesizeWithTimeout(chunks[nextIndex]) }
                                                        ^
/Volumes/Back up 3/rss latest/rss mac/RSSReaderApp/Views/ContentView.swift:5148:98: note: capturing use
                var nextTask: Task<Data, Error>? = Task { try await synthesizeWithTimeout(chunks[nextIndex]) }
                                                                                                 ^
/Volumes/Back up 3/rss latest/rss mac/RSSReaderApp/Views/ContentView.swift:5156:31: warning: 'nextIndex' mutated after capture by sendable closure
                    nextIndex += 1
                              ^
/Volumes/Back up 3/rss latest/rss mac/RSSReaderApp/Views/ContentView.swift:5147:21: note: variable defined here
                var nextIndex = 1
                    ^
/Volumes/Back up 3/rss latest/rss mac/RSSReaderApp/Views/ContentView.swift:5158:41: note: variable captured by sendable closure
                        nextTask = Task { try await synthesizeWithTimeout(chunks[nextIndex]) }
                                        ^
/Volumes/Back up 3/rss latest/rss mac/RSSReaderApp/Views/ContentView.swift:5158:82: note: capturing use
                        nextTask = Task { try await synthesizeWithTimeout(chunks[nextIndex]) }
                                                                                 ^
/Volumes/Back up 3/rss latest/rss mac/RSSReaderApp/Views/ContentView.swift:5147:21: note: variable defined here
                var nextIndex = 1
                    ^
/Volumes/Back up 3/rss latest/rss mac/RSSReaderApp/Views/ContentView.swift:5158:41: note: variable captured by sendable closure
                        nextTask = Task { try await synthesizeWithTimeout(chunks[nextIndex]) }
                                        ^
/Volumes/Back up 3/rss latest/rss mac/RSSReaderApp/Views/ContentView.swift:5158:82: note: capturing use
                        nextTask = Task { try await synthesizeWithTimeout(chunks[nextIndex]) }
                                                                                 ^
/Volumes/Back up 3/rss latest/rss mac/RSSReaderApp/Views/ContentView.swift:7545:31: warning: 'nextIndex' mutated after capture by sendable closure
                    nextIndex += 1
                              ^
/Volumes/Back up 3/rss latest/rss mac/RSSReaderApp/Views/ContentView.swift:7536:21: note: variable defined here
                var nextIndex = 1
                    ^
/Volumes/Back up 3/rss latest/rss mac/RSSReaderApp/Views/ContentView.swift:7537:57: note: variable captured by sendable closure
                var nextTask: Task<Data, Error>? = Task { try await synthesizeWithTimeout(chunks[nextIndex]) }
                                                        ^
/Volumes/Back up 3/rss latest/rss mac/RSSReaderApp/Views/ContentView.swift:7537:98: note: capturing use
                var nextTask: Task<Data, Error>? = Task { try await synthesizeWithTimeout(chunks[nextIndex]) }
                                                                                                 ^
/Volumes/Back up 3/rss latest/rss mac/RSSReaderApp/Views/ContentView.swift:7536:21: note: variable defined here
                var nextIndex = 1
                    ^
/Volumes/Back up 3/rss latest/rss mac/RSSReaderApp/Views/ContentView.swift:7537:57: note: variable captured by sendable closure
                var nextTask: Task<Data, Error>? = Task { try await synthesizeWithTimeout(chunks[nextIndex]) }
                                                        ^
/Volumes/Back up 3/rss latest/rss mac/RSSReaderApp/Views/ContentView.swift:7537:98: note: capturing use
                var nextTask: Task<Data, Error>? = Task { try await synthesizeWithTimeout(chunks[nextIndex]) }
                                                                                                 ^
/Volumes/Back up 3/rss latest/rss mac/RSSReaderApp/Views/ContentView.swift:7545:31: warning: 'nextIndex' mutated after capture by sendable closure
                    nextIndex += 1
                              ^
/Volumes/Back up 3/rss latest/rss mac/RSSReaderApp/Views/ContentView.swift:7536:21: note: variable defined here
                var nextIndex = 1
                    ^
/Volumes/Back up 3/rss latest/rss mac/RSSReaderApp/Views/ContentView.swift:7547:41: note: variable captured by sendable closure
                        nextTask = Task { try await synthesizeWithTimeout(chunks[nextIndex]) }
                                        ^
/Volumes/Back up 3/rss latest/rss mac/RSSReaderApp/Views/ContentView.swift:7547:82: note: capturing use
                        nextTask = Task { try await synthesizeWithTimeout(chunks[nextIndex]) }
                                                                                 ^
/Volumes/Back up 3/rss latest/rss mac/RSSReaderApp/Views/ContentView.swift:7536:21: note: variable defined here
                var nextIndex = 1
                    ^
/Volumes/Back up 3/rss latest/rss mac/RSSReaderApp/Views/ContentView.swift:7547:41: note: variable captured by sendable closure
                        nextTask = Task { try await synthesizeWithTimeout(chunks[nextIndex]) }
                                        ^
/Volumes/Back up 3/rss latest/rss mac/RSSReaderApp/Views/ContentView.swift:7547:82: note: capturing use
                        nextTask = Task { try await synthesizeWithTimeout(chunks[nextIndex]) }
                                                                                 ^
/Volumes/Back up 3/rss latest/rss mac/RSSReaderApp/Views/ContentView.swift:10939:31: warning: 'nextIndex' mutated after capture by sendable closure
                    nextIndex += 1
                              ^
/Volumes/Back up 3/rss latest/rss mac/RSSReaderApp/Views/ContentView.swift:10927:21: note: variable defined here
                var nextIndex = 1
                    ^
/Volumes/Back up 3/rss latest/rss mac/RSSReaderApp/Views/ContentView.swift:10942:41: note: variable captured by sendable closure
                        nextTask = Task {
                                        ^
/Volumes/Back up 3/rss latest/rss mac/RSSReaderApp/Views/ContentView.swift:10943:68: note: capturing use
                            try await synthesizeWithTimeout(chunks[nextIndex])
                                                                   ^
/Volumes/Back up 3/rss latest/rss mac/RSSReaderApp/Views/ContentView.swift:10927:21: note: variable defined here
                var nextIndex = 1
                    ^
/Volumes/Back up 3/rss latest/rss mac/RSSReaderApp/Views/ContentView.swift:10942:41: note: variable captured by sendable closure
                        nextTask = Task {
                                        ^
/Volumes/Back up 3/rss latest/rss mac/RSSReaderApp/Views/ContentView.swift:10943:68: note: capturing use
                            try await synthesizeWithTimeout(chunks[nextIndex])
                                                                   ^
/Volumes/Back up 3/rss latest/rss mac/RSSReaderApp/Views/ContentView.swift:10939:31: warning: 'nextIndex' mutated after capture by sendable closure
                    nextIndex += 1
                              ^
/Volumes/Back up 3/rss latest/rss mac/RSSReaderApp/Views/ContentView.swift:10927:21: note: variable defined here
                var nextIndex = 1
                    ^
/Volumes/Back up 3/rss latest/rss mac/RSSReaderApp/Views/ContentView.swift:10928:57: note: variable captured by sendable closure
                var nextTask: Task<Data, Error>? = Task {
                                                        ^
/Volumes/Back up 3/rss latest/rss mac/RSSReaderApp/Views/ContentView.swift:10929:60: note: capturing use
                    try await synthesizeWithTimeout(chunks[nextIndex])
                                                           ^
/Volumes/Back up 3/rss latest/rss mac/RSSReaderApp/Views/ContentView.swift:10927:21: note: variable defined here
                var nextIndex = 1
                    ^
/Volumes/Back up 3/rss latest/rss mac/RSSReaderApp/Views/ContentView.swift:10928:57: note: variable captured by sendable closure
                var nextTask: Task<Data, Error>? = Task {
                                                        ^
/Volumes/Back up 3/rss latest/rss mac/RSSReaderApp/Views/ContentView.swift:10929:60: note: capturing use
                    try await synthesizeWithTimeout(chunks[nextIndex])
                                                           ^
/Volumes/Back up 3/rss latest/rss mac/RSSReaderApp/Views/ContentView.swift:12228:31: warning: 'nextIndex' mutated after capture by sendable closure
                    nextIndex += 1
                              ^
/Volumes/Back up 3/rss latest/rss mac/RSSReaderApp/Views/ContentView.swift:12216:21: note: variable defined here
                var nextIndex = 1
                    ^
/Volumes/Back up 3/rss latest/rss mac/RSSReaderApp/Views/ContentView.swift:12231:41: note: variable captured by sendable closure
                        nextTask = Task {
                                        ^
/Volumes/Back up 3/rss latest/rss mac/RSSReaderApp/Views/ContentView.swift:12232:68: note: capturing use
                            try await synthesizeWithTimeout(chunks[nextIndex])
                                                                   ^
/Volumes/Back up 3/rss latest/rss mac/RSSReaderApp/Views/ContentView.swift:12216:21: note: variable defined here
                var nextIndex = 1
                    ^
/Volumes/Back up 3/rss latest/rss mac/RSSReaderApp/Views/ContentView.swift:12231:41: note: variable captured by sendable closure
                        nextTask = Task {
                                        ^
/Volumes/Back up 3/rss latest/rss mac/RSSReaderApp/Views/ContentView.swift:12232:68: note: capturing use
                            try await synthesizeWithTimeout(chunks[nextIndex])
                                                                   ^
/Volumes/Back up 3/rss latest/rss mac/RSSReaderApp/Views/ContentView.swift:12228:31: warning: 'nextIndex' mutated after capture by sendable closure
                    nextIndex += 1
                              ^
/Volumes/Back up 3/rss latest/rss mac/RSSReaderApp/Views/ContentView.swift:12216:21: note: variable defined here
                var nextIndex = 1
                    ^
/Volumes/Back up 3/rss latest/rss mac/RSSReaderApp/Views/ContentView.swift:12217:57: note: variable captured by sendable closure
                var nextTask: Task<Data, Error>? = Task {
                                                        ^
/Volumes/Back up 3/rss latest/rss mac/RSSReaderApp/Views/ContentView.swift:12218:60: note: capturing use
                    try await synthesizeWithTimeout(chunks[nextIndex])
                                                           ^
/Volumes/Back up 3/rss latest/rss mac/RSSReaderApp/Views/ContentView.swift:12216:21: note: variable defined here
                var nextIndex = 1
                    ^
/Volumes/Back up 3/rss latest/rss mac/RSSReaderApp/Views/ContentView.swift:12217:57: note: variable captured by sendable closure
                var nextTask: Task<Data, Error>? = Task {
                                                        ^
/Volumes/Back up 3/rss latest/rss mac/RSSReaderApp/Views/ContentView.swift:12218:60: note: capturing use
                    try await synthesizeWithTimeout(chunks[nextIndex])
                                                           ^
/Volumes/Back up 3/rss latest/rss mac/RSSReaderApp/Views/SummaryColumnView.swift:827:31: warning: 'nextIndex' mutated after capture by sendable closure
                    nextIndex += 1
                              ^
/Volumes/Back up 3/rss latest/rss mac/RSSReaderApp/Views/SummaryColumnView.swift:815:21: note: variable defined here
                var nextIndex = 1
                    ^
/Volumes/Back up 3/rss latest/rss mac/RSSReaderApp/Views/SummaryColumnView.swift:816:57: note: variable captured by sendable closure
                var nextTask: Task<Data, Error>? = Task {
                                                        ^
/Volumes/Back up 3/rss latest/rss mac/RSSReaderApp/Views/SummaryColumnView.swift:817:60: note: capturing use
                    try await synthesizeWithTimeout(chunks[nextIndex])
                                                           ^
/Volumes/Back up 3/rss latest/rss mac/RSSReaderApp/Views/SummaryColumnView.swift:815:21: note: variable defined here
                var nextIndex = 1
                    ^
/Volumes/Back up 3/rss latest/rss mac/RSSReaderApp/Views/SummaryColumnView.swift:816:57: note: variable captured by sendable closure
                var nextTask: Task<Data, Error>? = Task {
                                                        ^
/Volumes/Back up 3/rss latest/rss mac/RSSReaderApp/Views/SummaryColumnView.swift:817:60: note: capturing use
                    try await synthesizeWithTimeout(chunks[nextIndex])
                                                           ^
/Volumes/Back up 3/rss latest/rss mac/RSSReaderApp/Views/SummaryColumnView.swift:827:31: warning: 'nextIndex' mutated after capture by sendable closure
                    nextIndex += 1
                              ^
/Volumes/Back up 3/rss latest/rss mac/RSSReaderApp/Views/SummaryColumnView.swift:815:21: note: variable defined here
                var nextIndex = 1
                    ^
/Volumes/Back up 3/rss latest/rss mac/RSSReaderApp/Views/SummaryColumnView.swift:830:41: note: variable captured by sendable closure
                        nextTask = Task {
                                        ^
/Volumes/Back up 3/rss latest/rss mac/RSSReaderApp/Views/SummaryColumnView.swift:831:68: note: capturing use
                            try await synthesizeWithTimeout(chunks[nextIndex])
                                                                   ^
/Volumes/Back up 3/rss latest/rss mac/RSSReaderApp/Views/SummaryColumnView.swift:815:21: note: variable defined here
                var nextIndex = 1
                    ^
/Volumes/Back up 3/rss latest/rss mac/RSSReaderApp/Views/SummaryColumnView.swift:830:41: note: variable captured by sendable closure
                        nextTask = Task {
                                        ^
/Volumes/Back up 3/rss latest/rss mac/RSSReaderApp/Views/SummaryColumnView.swift:831:68: note: capturing use
                            try await synthesizeWithTimeout(chunks[nextIndex])
                                                                   ^
/Volumes/Back up 3/rss latest/rss mac/RSSReaderApp/Views/RedditDetailView.swift:2915:31: warning: 'nextIndex' mutated after capture by sendable closure
                    nextIndex += 1
                              ^
/Volumes/Back up 3/rss latest/rss mac/RSSReaderApp/Views/RedditDetailView.swift:2906:21: note: variable defined here
                var nextIndex = 1
                    ^
/Volumes/Back up 3/rss latest/rss mac/RSSReaderApp/Views/RedditDetailView.swift:2907:57: note: variable captured by sendable closure
                var nextTask: Task<Data, Error>? = Task { try await synthesizeWithTimeout(chunks[nextIndex]) }
                                                        ^
/Volumes/Back up 3/rss latest/rss mac/RSSReaderApp/Views/RedditDetailView.swift:2907:98: note: capturing use
                var nextTask: Task<Data, Error>? = Task { try await synthesizeWithTimeout(chunks[nextIndex]) }
                                                                                                 ^
/Volumes/Back up 3/rss latest/rss mac/RSSReaderApp/Views/RedditDetailView.swift:2906:21: note: variable defined here
                var nextIndex = 1
                    ^
/Volumes/Back up 3/rss latest/rss mac/RSSReaderApp/Views/RedditDetailView.swift:2907:57: note: variable captured by sendable closure
                var nextTask: Task<Data, Error>? = Task { try await synthesizeWithTimeout(chunks[nextIndex]) }
                                                        ^
/Volumes/Back up 3/rss latest/rss mac/RSSReaderApp/Views/RedditDetailView.swift:2907:98: note: capturing use
                var nextTask: Task<Data, Error>? = Task { try await synthesizeWithTimeout(chunks[nextIndex]) }
                                                                                                 ^
/Volumes/Back up 3/rss latest/rss mac/RSSReaderApp/Views/RedditDetailView.swift:2915:31: warning: 'nextIndex' mutated after capture by sendable closure
                    nextIndex += 1
                              ^
/Volumes/Back up 3/rss latest/rss mac/RSSReaderApp/Views/RedditDetailView.swift:2906:21: note: variable defined here
                var nextIndex = 1
                    ^
/Volumes/Back up 3/rss latest/rss mac/RSSReaderApp/Views/RedditDetailView.swift:2917:41: note: variable captured by sendable closure
                        nextTask = Task { try await synthesizeWithTimeout(chunks[nextIndex]) }
                                        ^
/Volumes/Back up 3/rss latest/rss mac/RSSReaderApp/Views/RedditDetailView.swift:2917:82: note: capturing use
                        nextTask = Task { try await synthesizeWithTimeout(chunks[nextIndex]) }
                                                                                 ^
/Volumes/Back up 3/rss latest/rss mac/RSSReaderApp/Views/RedditDetailView.swift:2906:21: note: variable defined here
                var nextIndex = 1
                    ^
/Volumes/Back up 3/rss latest/rss mac/RSSReaderApp/Views/RedditDetailView.swift:2917:41: note: variable captured by sendable closure
                        nextTask = Task { try await synthesizeWithTimeout(chunks[nextIndex]) }
                                        ^
/Volumes/Back up 3/rss latest/rss mac/RSSReaderApp/Views/RedditDetailView.swift:2917:82: note: capturing use
                        nextTask = Task { try await synthesizeWithTimeout(chunks[nextIndex]) }
                                                                                 ^
/Volumes/Back up 3/rss latest/rss mac/RSSReaderApp/Views/RedditDetailView.swift:3051:31: warning: 'nextIndex' mutated after capture by sendable closure
                    nextIndex += 1
                              ^
/Volumes/Back up 3/rss latest/rss mac/RSSReaderApp/Views/RedditDetailView.swift:3042:21: note: variable defined here
                var nextIndex = 1
                    ^
/Volumes/Back up 3/rss latest/rss mac/RSSReaderApp/Views/RedditDetailView.swift:3053:41: note: variable captured by sendable closure
                        nextTask = Task { try await synthesizeWithTimeout(chunks[nextIndex]) }
                                        ^
/Volumes/Back up 3/rss latest/rss mac/RSSReaderApp/Views/RedditDetailView.swift:3053:82: note: capturing use
                        nextTask = Task { try await synthesizeWithTimeout(chunks[nextIndex]) }
                                                                                 ^
/Volumes/Back up 3/rss latest/rss mac/RSSReaderApp/Views/RedditDetailView.swift:3042:21: note: variable defined here
                var nextIndex = 1
                    ^
/Volumes/Back up 3/rss latest/rss mac/RSSReaderApp/Views/RedditDetailView.swift:3053:41: note: variable captured by sendable closure
                        nextTask = Task { try await synthesizeWithTimeout(chunks[nextIndex]) }
                                        ^
/Volumes/Back up 3/rss latest/rss mac/RSSReaderApp/Views/RedditDetailView.swift:3053:82: note: capturing use
                        nextTask = Task { try await synthesizeWithTimeout(chunks[nextIndex]) }
                                                                                 ^
/Volumes/Back up 3/rss latest/rss mac/RSSReaderApp/Views/RedditDetailView.swift:3051:31: warning: 'nextIndex' mutated after capture by sendable closure
                    nextIndex += 1
                              ^
/Volumes/Back up 3/rss latest/rss mac/RSSReaderApp/Views/RedditDetailView.swift:3042:21: note: variable defined here
                var nextIndex = 1
                    ^
/Volumes/Back up 3/rss latest/rss mac/RSSReaderApp/Views/RedditDetailView.swift:3043:57: note: variable captured by sendable closure
                var nextTask: Task<Data, Error>? = Task { try await synthesizeWithTimeout(chunks[nextIndex]) }
                                                        ^
/Volumes/Back up 3/rss latest/rss mac/RSSReaderApp/Views/RedditDetailView.swift:3043:98: note: capturing use
                var nextTask: Task<Data, Error>? = Task { try await synthesizeWithTimeout(chunks[nextIndex]) }
                                                                                                 ^
/Volumes/Back up 3/rss latest/rss mac/RSSReaderApp/Views/RedditDetailView.swift:3042:21: note: variable defined here
                var nextIndex = 1
                    ^
/Volumes/Back up 3/rss latest/rss mac/RSSReaderApp/Views/RedditDetailView.swift:3043:57: note: variable captured by sendable closure
                var nextTask: Task<Data, Error>? = Task { try await synthesizeWithTimeout(chunks[nextIndex]) }
                                                        ^
/Volumes/Back up 3/rss latest/rss mac/RSSReaderApp/Views/RedditDetailView.swift:3043:98: note: capturing use
                var nextTask: Task<Data, Error>? = Task { try await synthesizeWithTimeout(chunks[nextIndex]) }
                                                                                                 ^
/Volumes/Back up 3/rss latest/rss mac/RSSReaderApp/Views/RedditDetailView.swift:4461:31: warning: 'nextIndex' mutated after capture by sendable closure
                    nextIndex += 1
                              ^
/Volumes/Back up 3/rss latest/rss mac/RSSReaderApp/Views/RedditDetailView.swift:4449:21: note: variable defined here
                var nextIndex = 1
                    ^
/Volumes/Back up 3/rss latest/rss mac/RSSReaderApp/Views/RedditDetailView.swift:4464:41: note: variable captured by sendable closure
                        nextTask = Task {
                                        ^
/Volumes/Back up 3/rss latest/rss mac/RSSReaderApp/Views/RedditDetailView.swift:4465:68: note: capturing use
                            try await synthesizeWithTimeout(chunks[nextIndex])
                                                                   ^
/Volumes/Back up 3/rss latest/rss mac/RSSReaderApp/Views/RedditDetailView.swift:4449:21: note: variable defined here
                var nextIndex = 1
                    ^
/Volumes/Back up 3/rss latest/rss mac/RSSReaderApp/Views/RedditDetailView.swift:4464:41: note: variable captured by sendable closure
                        nextTask = Task {
                                        ^
/Volumes/Back up 3/rss latest/rss mac/RSSReaderApp/Views/RedditDetailView.swift:4465:68: note: capturing use
                            try await synthesizeWithTimeout(chunks[nextIndex])
                                                                   ^
/Volumes/Back up 3/rss latest/rss mac/RSSReaderApp/Views/RedditDetailView.swift:4461:31: warning: 'nextIndex' mutated after capture by sendable closure
                    nextIndex += 1
                              ^
/Volumes/Back up 3/rss latest/rss mac/RSSReaderApp/Views/RedditDetailView.swift:4449:21: note: variable defined here
                var nextIndex = 1
                    ^
/Volumes/Back up 3/rss latest/rss mac/RSSReaderApp/Views/RedditDetailView.swift:4450:57: note: variable captured by sendable closure
                var nextTask: Task<Data, Error>? = Task {
                                                        ^
/Volumes/Back up 3/rss latest/rss mac/RSSReaderApp/Views/RedditDetailView.swift:4451:60: note: capturing use
                    try await synthesizeWithTimeout(chunks[nextIndex])
                                                           ^
/Volumes/Back up 3/rss latest/rss mac/RSSReaderApp/Views/RedditDetailView.swift:4449:21: note: variable defined here
                var nextIndex = 1
                    ^
/Volumes/Back up 3/rss latest/rss mac/RSSReaderApp/Views/RedditDetailView.swift:4450:57: note: variable captured by sendable closure
                var nextTask: Task<Data, Error>? = Task {
                                                        ^
/Volumes/Back up 3/rss latest/rss mac/RSSReaderApp/Views/RedditDetailView.swift:4451:60: note: capturing use
                    try await synthesizeWithTimeout(chunks[nextIndex])
                                                           ^
/Volumes/Back up 3/rss latest/rss mac/RSSReaderApp/Views/RedditDetailView.swift:5177:31: warning: 'nextIndex' mutated after capture by sendable closure
                    nextIndex += 1
                              ^
/Volumes/Back up 3/rss latest/rss mac/RSSReaderApp/Views/RedditDetailView.swift:5165:21: note: variable defined here
                var nextIndex = 1
                    ^
/Volumes/Back up 3/rss latest/rss mac/RSSReaderApp/Views/RedditDetailView.swift:5180:41: note: variable captured by sendable closure
                        nextTask = Task {
                                        ^
/Volumes/Back up 3/rss latest/rss mac/RSSReaderApp/Views/RedditDetailView.swift:5181:68: note: capturing use
                            try await synthesizeWithTimeout(chunks[nextIndex])
                                                                   ^
/Volumes/Back up 3/rss latest/rss mac/RSSReaderApp/Views/RedditDetailView.swift:5165:21: note: variable defined here
                var nextIndex = 1
                    ^
/Volumes/Back up 3/rss latest/rss mac/RSSReaderApp/Views/RedditDetailView.swift:5180:41: note: variable captured by sendable closure
                        nextTask = Task {
                                        ^
/Volumes/Back up 3/rss latest/rss mac/RSSReaderApp/Views/RedditDetailView.swift:5181:68: note: capturing use
                            try await synthesizeWithTimeout(chunks[nextIndex])
                                                                   ^
/Volumes/Back up 3/rss latest/rss mac/RSSReaderApp/Views/RedditDetailView.swift:5177:31: warning: 'nextIndex' mutated after capture by sendable closure
                    nextIndex += 1
                              ^
/Volumes/Back up 3/rss latest/rss mac/RSSReaderApp/Views/RedditDetailView.swift:5165:21: note: variable defined here
                var nextIndex = 1
                    ^
/Volumes/Back up 3/rss latest/rss mac/RSSReaderApp/Views/RedditDetailView.swift:5166:57: note: variable captured by sendable closure
                var nextTask: Task<Data, Error>? = Task {
                                                        ^
/Volumes/Back up 3/rss latest/rss mac/RSSReaderApp/Views/RedditDetailView.swift:5167:60: note: capturing use
                    try await synthesizeWithTimeout(chunks[nextIndex])
                                                           ^
/Volumes/Back up 3/rss latest/rss mac/RSSReaderApp/Views/RedditDetailView.swift:5165:21: note: variable defined here
                var nextIndex = 1
                    ^
/Volumes/Back up 3/rss latest/rss mac/RSSReaderApp/Views/RedditDetailView.swift:5166:57: note: variable captured by sendable closure
                var nextTask: Task<Data, Error>? = Task {
                                                        ^
/Volumes/Back up 3/rss latest/rss mac/RSSReaderApp/Views/RedditDetailView.swift:5167:60: note: capturing use
                    try await synthesizeWithTimeout(chunks[nextIndex])
                                                           ^

SwiftDriverJobDiscovery normal arm64 Compiling SummarizeBridge.swift (in target 'RSSReaderApp (macOS)' from project 'RSSReaderApp')

SwiftCompile normal arm64 Compiling\ PersistenceManager.swift /Volumes/Back\ up\ 3/rss\ latest/rss\ mac/RSSReaderApp/Services/PersistenceManager.swift (in target 'RSSReaderApp (macOS)' from project 'RSSReaderApp')
SwiftCompile normal arm64 /Volumes/Back\ up\ 3/rss\ latest/rss\ mac/RSSReaderApp/Services/PersistenceManager.swift (in target 'RSSReaderApp (macOS)' from project 'RSSReaderApp')
    cd /Volumes/Back\ up\ 3/rss\ latest/rss\ mac
    

SwiftCompile normal arm64 Compiling\ SettingsView.swift /Volumes/Back\ up\ 3/rss\ latest/rss\ mac/RSSReaderApp/Views/SettingsView.swift (in target 'RSSReaderApp (macOS)' from project 'RSSReaderApp')
SwiftCompile normal arm64 /Volumes/Back\ up\ 3/rss\ latest/rss\ mac/RSSReaderApp/Views/SettingsView.swift (in target 'RSSReaderApp (macOS)' from project 'RSSReaderApp')
    cd /Volumes/Back\ up\ 3/rss\ latest/rss\ mac
    
/Volumes/Back up 3/rss latest/rss mac/RSSReaderApp/Views/SettingsView.swift:211:14: warning: 'onChange(of:perform:)' was deprecated in macOS 14.0: Use `onChange` with a two or zero parameter action closure instead.
            .onChange(of: summaryProviderSelection) { newValue in
             ^
/Volumes/Back up 3/rss latest/rss mac/RSSReaderApp/Views/SettingsView.swift:246:14: warning: 'onChange(of:perform:)' was deprecated in macOS 14.0: Use `onChange` with a two or zero parameter action closure instead.
            .onChange(of: appState.settings.selectedWebAIProvider) { newValue in
             ^

SwiftCompile normal arm64 Compiling\ SummaryService.swift /Volumes/Back\ up\ 3/rss\ latest/rss\ mac/RSSReaderApp/Services/SummaryService.swift (in target 'RSSReaderApp (macOS)' from project 'RSSReaderApp')

SwiftCompile normal arm64 /Volumes/Back\ up\ 3/rss\ latest/rss\ mac/RSSReaderApp/Services/SummaryService.swift (in target 'RSSReaderApp (macOS)' from project 'RSSReaderApp')
    cd /Volumes/Back\ up\ 3/rss\ latest/rss\ mac
    

SwiftCompile normal arm64 Compiling\ AppState.swift /Volumes/Back\ up\ 3/rss\ latest/rss\ mac/RSSReaderApp/Controllers/AppState.swift (in target 'RSSReaderApp (macOS)' from project 'RSSReaderApp')
SwiftCompile normal arm64 /Volumes/Back\ up\ 3/rss\ latest/rss\ mac/RSSReaderApp/Controllers/AppState.swift (in target 'RSSReaderApp (macOS)' from project 'RSSReaderApp')
    cd /Volumes/Back\ up\ 3/rss\ latest/rss\ mac
    
/Volumes/Back up 3/rss latest/rss mac/RSSReaderApp/Controllers/AppState.swift:24:9: warning: immutable property will not be decoded because it is declared with an initial value which cannot be overwritten
    let id = UUID()
        ^
/Volumes/Back up 3/rss latest/rss mac/RSSReaderApp/Controllers/AppState.swift:24:9: note: set the initial value via the initializer or explicitly define a CodingKeys enum including a 'id' case to silence this warning
    let id = UUID()
        ^
/Volumes/Back up 3/rss latest/rss mac/RSSReaderApp/Controllers/AppState.swift:24:9: note: make the property mutable instead
    let id = UUID()
    ~~~ ^
    var
/Volumes/Back up 3/rss latest/rss mac/RSSReaderApp/Controllers/AppState.swift:2539:47: warning: converting non-Sendable function value to '@MainActor @Sendable @convention(block) () -> Void' may introduce data races
            DispatchQueue.main.async(execute: launch)
                                              ^
/Volumes/Back up 3/rss latest/rss mac/RSSReaderApp/Controllers/AppState.swift:2620:43: warning: left side of nil coalescing operator '??' has non-optional type 'String', so the right side is never used
        let htmlContent = article.content ?? ""
                          ~~~~~~~~~~~~~~~~^~~~~
                                         
/Volumes/Back up 3/rss latest/rss mac/RSSReaderApp/Controllers/AppState.swift:3420:51: warning: left side of nil coalescing operator '??' has non-optional type 'String', so the right side is never used
                let htmlContent = article.content ?? ""
                                  ~~~~~~~~~~~~~~~~^~~~~
                                                 
/Volumes/Back up 3/rss latest/rss mac/RSSReaderApp/Controllers/AppState.swift:3469:51: warning: left side of nil coalescing operator '??' has non-optional type 'String', so the right side is never used
                let htmlContent = article.content ?? ""
                                  ~~~~~~~~~~~~~~~~^~~~~
                                                 
/Volumes/Back up 3/rss latest/rss mac/RSSReaderApp/Controllers/AppState.swift:3519:47: warning: left side of nil coalescing operator '??' has non-optional type 'String', so the right side is never used
            let htmlContent = article.content ?? ""
                              ~~~~~~~~~~~~~~~~^~~~~
                                             
/Volumes/Back up 3/rss latest/rss mac/RSSReaderApp/Controllers/AppState.swift:3796:18: warning: main actor-isolated property 'clipboardCheckCount' can not be mutated from a Sendable closure
            self.clipboardCheckCount += 1
                 ^
/Volumes/Back up 3/rss latest/rss mac/RSSReaderApp/Controllers/AppState.swift:3740:17: note: mutation of this property is only permitted within the actor
    private var clipboardCheckCount: Int = 0
                ^
/Volumes/Back up 3/rss latest/rss mac/RSSReaderApp/Controllers/AppState.swift:3797:36: warning: main actor-isolated property 'clipboardCheckCount' can not be referenced from a Sendable closure
            let elapsedTime = self.clipboardCheckCount * 5
                                   ^
/Volumes/Back up 3/rss latest/rss mac/RSSReaderApp/Controllers/AppState.swift:3740:17: note: property declared here
    private var clipboardCheckCount: Int = 0
                ^
/Volumes/Back up 3/rss latest/rss mac/RSSReaderApp/Controllers/AppState.swift:3798:34: warning: main actor-isolated property 'maxClipboardChecks' can not be referenced from a Sendable closure
            let totalTime = self.maxClipboardChecks * 5
                                 ^
/Volumes/Back up 3/rss latest/rss mac/RSSReaderApp/Controllers/AppState.swift:3741:17: note: property declared here
    private var maxClipboardChecks: Int = 24 // Check for up to 2 minutes (24 × 5 seconds)
/Volumes/Back up 3/rss latest/rss mac/RSSReaderApp/Controllers/AppState.swift:3806:75: warning: main actor-isolated property 'clipboardCheckCount' can not be referenced from a Sendable closure
            print("📋 Checking clipboard for \(type)... (attempt \(self.clipboardCheckCount)/\(self.maxClipboardChecks))")
/Volumes/Back up 3/rss latest/rss mac/RSSReaderApp/Controllers/AppState.swift:3740:17: note: property declared here
    private var clipboardCheckCount: Int = 0
                ^
/Volumes/Back up 3/rss latest/rss mac/RSSReaderApp/Controllers/AppState.swift:3806:103: warning: main actor-isolated property 'maxClipboardChecks' can not be referenced from a Sendable closure
            print("📋 Checking clipboard for \(type)... (attempt \(self.clipboardCheckCount)/\(self.maxClipboardChecks))")
/Volumes/Back up 3/rss latest/rss mac/RSSReaderApp/Controllers/AppState.swift:3741:17: note: property declared here
    private var maxClipboardChecks: Int = 24 // Check for up to 2 minutes (24 × 5 seconds)
/Volumes/Back up 3/rss latest/rss mac/RSSReaderApp/Controllers/AppState.swift:3848:22: warning: main actor-isolated property 'clipboardTimer' can not be mutated from a Sendable closure
                self.clipboardTimer = nil
                     ^
/Volumes/Back up 3/rss latest/rss mac/RSSReaderApp/Controllers/AppState.swift:3739:17: note: mutation of this property is only permitted within the actor
    private var clipboardTimer: Timer?
                ^
/Volumes/Back up 3/rss latest/rss mac/RSSReaderApp/Controllers/AppState.swift:3853:21: warning: main actor-isolated property 'clipboardCheckCount' can not be referenced from a Sendable closure
            if self.clipboardCheckCount >= self.maxClipboardChecks {
                    ^
/Volumes/Back up 3/rss latest/rss mac/RSSReaderApp/Controllers/AppState.swift:3740:17: note: property declared here
    private var clipboardCheckCount: Int = 0
                ^
/Volumes/Back up 3/rss latest/rss mac/RSSReaderApp/Controllers/AppState.swift:3853:49: warning: main actor-isolated property 'maxClipboardChecks' can not be referenced from a Sendable closure
            if self.clipboardCheckCount >= self.maxClipboardChecks {
                                                ^
/Volumes/Back up 3/rss latest/rss mac/RSSReaderApp/Controllers/AppState.swift:3741:17: note: property declared here
    private var maxClipboardChecks: Int = 24 // Check for up to 2 minutes (24 × 5 seconds)
/Volumes/Back up 3/rss latest/rss mac/RSSReaderApp/Controllers/AppState.swift:3878:22: warning: main actor-isolated property 'clipboardTimer' can not be mutated from a Sendable closure
                self.clipboardTimer = nil
                     ^
/Volumes/Back up 3/rss latest/rss mac/RSSReaderApp/Controllers/AppState.swift:3739:17: note: mutation of this property is only permitted within the actor
    private var clipboardTimer: Timer?
                ^
/Volumes/Back up 3/rss latest/rss mac/RSSReaderApp/Controllers/AppState.swift:5335:32: warning: conditional cast from 'any Error' to 'NSError' always succeeds
        if let nsError = error as? NSError {
                               ^
/Volumes/Back up 3/rss latest/rss mac/RSSReaderApp/Controllers/AppState.swift:5498:46: warning: left side of nil coalescing operator '??' has non-optional type 'String', so the right side is never used
            let rawContent = article.content ?? article.title
                             ~~~~~~~~~~~~~~~~^~~~~~~~~~~~~~~~
                                            
/Volumes/Back up 3/rss latest/rss mac/RSSReaderApp/Controllers/AppState.swift:5555:46: warning: left side of nil coalescing operator '??' has non-optional type 'String', so the right side is never used
            let rawContent = article.content ?? article.title
                             ~~~~~~~~~~~~~~~~^~~~~~~~~~~~~~~~
                                            
/Volumes/Back up 3/rss latest/rss mac/RSSReaderApp/Controllers/AppState.swift:6425:35: warning: immutable value 'error' was never used; consider replacing with '_' or removing it
                case .failure(let error):
                              ~~~~^~~~~
                              _
/Volumes/Back up 3/rss latest/rss mac/RSSReaderApp/Controllers/AppState.swift:6629:41: warning: capture of 'response' with non-Sendable type 'LanguageModelSession.Response<String>' in a '@Sendable' closure
                    completion(.success(response.content))
                                        ^
FoundationModels.LanguageModelSession.Response:5:17: note: generic struct 'Response' does not conform to the 'Sendable' protocol
  public struct Response<Content> where Content : Generable {
                ^
/Volumes/Back up 3/rss latest/rss mac/RSSReaderApp/Controllers/AppState.swift:6658:41: warning: capture of 'response' with non-Sendable type 'LanguageModelSession.Response<String>' in a '@Sendable' closure
                    completion(.success(response.content))
                                        ^
FoundationModels.LanguageModelSession.Response:5:17: note: generic struct 'Response' does not conform to the 'Sendable' protocol
  public struct Response<Content> where Content : Generable {
                ^

SwiftDriverJobDiscovery normal arm64 Compiling PersistenceManager.swift (in target 'RSSReaderApp (macOS)' from project 'RSSReaderApp')

SwiftDriverJobDiscovery normal arm64 Compiling SummaryService.swift (in target 'RSSReaderApp (macOS)' from project 'RSSReaderApp')

SwiftDriverJobDiscovery normal arm64 Compiling SettingsView.swift (in target 'RSSReaderApp (macOS)' from project 'RSSReaderApp')

SwiftDriverJobDiscovery normal arm64 Compiling AppState.swift (in target 'RSSReaderApp (macOS)' from project 'RSSReaderApp')

SwiftDriver\ Compilation RSSReaderApp\ (macOS) normal arm64 com.apple.xcode.tools.swift.compiler (in target 'RSSReaderApp (macOS)' from project 'RSSReaderApp')
    cd /Volumes/Back\ up\ 3/rss\ latest/rss\ mac
    builtin-Swift-Compilation -- /Applications/Xcode.app/Contents/Developer/Toolchains/XcodeDefault.xctoolchain/usr/bin/swiftc -module-name RSSReaderApp -Onone @/Volumes/BackUP\ /My\ projects\ 2/rss/rss\ mac/.xcode-derived-data/Build/Intermediates.noindex/RSSReaderApp.build/Debug/RSSReaderApp\ \(macOS\).build/Objects-normal/arm64/RSSReaderApp.SwiftFileList -DDEBUG -Xcc -fmodule-map-file\=/Volumes/BackUP\ /My\ projects\ 2/rss/rss\ mac/.xcode-derived-data/Build/Intermediates.noindex/GeneratedModuleMaps/CNIOBoringSSLShims.modulemap -Xcc -fmodule-map-file\=/Volumes/BackUP\ /My\ projects\ 2/rss/rss\ mac/.xcode-derived-data/Build/Intermediates.noindex/GeneratedModuleMaps/CNIOExtrasZlib.modulemap -Xcc -fmodule-map-file\=/Volumes/BackUP\ /My\ projects\ 2/rss/rss\ mac/.xcode-derived-data/Build/Intermediates.noindex/GeneratedModuleMaps/CAsyncHTTPClient.modulemap -Xcc -fmodule-map-file\=/Volumes/BackUP\ /My\ projects\ 2/rss/rss\ mac/.xcode-derived-data/Build/Intermediates.noindex/GeneratedModuleMaps/CNIOLLHTTP.modulemap -Xcc -fmodule-map-file\=/Volumes/BackUP\ /My\ projects\ 2/rss/rss\ mac/.xcode-derived-data/Build/Intermediates.noindex/GeneratedModuleMaps/CNIOPosix.modulemap -Xcc -fmodule-map-file\=/Volumes/BackUP\ /My\ projects\ 2/rss/rss\ mac/.xcode-derived-data/Build/Intermediates.noindex/GeneratedModuleMaps/CNIOWASI.modulemap -Xcc -fmodule-map-file\=/Volumes/BackUP\ /My\ projects\ 2/rss/rss\ mac/.xcode-derived-data/Build/Intermediates.noindex/GeneratedModuleMaps/CNIOLinux.modulemap -Xcc -fmodule-map-file\=/Volumes/BackUP\ /My\ projects\ 2/rss/rss\ mac/.xcode-derived-data/Build/Intermediates.noindex/GeneratedModuleMaps/CNIODarwin.modulemap -Xcc -fmodule-map-file\=/Volumes/BackUP\ /My\ projects\ 2/rss/rss\ mac/.xcode-derived-data/Build/Intermediates.noindex/GeneratedModuleMaps/CNIOOpenBSD.modulemap -Xcc -fmodule-map-file\=/Volumes/BackUP\ /My\ projects\ 2/rss/rss\ mac/.xcode-derived-data/Build/Intermediates.noindex/GeneratedModuleMaps/CNIOAtomics.modulemap -Xcc -fmodule-map-file\=/Volumes/BackUP\ /My\ projects\ 2/rss/rss\ mac/.xcode-derived-data/Build/Intermediates.noindex/GeneratedModuleMaps/yyjson.modulemap -enable-bare-slash-regex -enable-experimental-feature DebugDescriptionMacro -sdk /Applications/Xcode.app/Contents/Developer/Platforms/MacOSX.platform/Developer/SDKs/MacOSX26.4.sdk -target arm64-apple-macos26.0 -g -module-cache-path /Volumes/BackUP\ /My\ projects\ 2/rss/rss\ mac/.xcode-derived-data/ModuleCache.noindex -Xfrontend -serialize-debugging-options -enable-testing -Xcc -D_LIBCPP_HARDENING_MODE\=_LIBCPP_HARDENING_MODE_DEBUG -swift-version 5 -I /Volumes/BackUP\ /My\ projects\ 2/rss/rss\ mac/.xcode-derived-data/Build/Products/Debug -F /Volumes/BackUP\ /My\ projects\ 2/rss/rss\ mac/.xcode-derived-data/Build/Products/Debug/PackageFrameworks -F /Volumes/BackUP\ /My\ projects\ 2/rss/rss\ mac/.xcode-derived-data/Build/Products/Debug/PackageFrameworks -F /Volumes/BackUP\ /My\ projects\ 2/rss/rss\ mac/.xcode-derived-data/Build/Products/Debug/PackageFrameworks -F /Volumes/BackUP\ /My\ projects\ 2/rss/rss\ mac/.xcode-derived-data/Build/Products/Debug/PackageFrameworks -F /Volumes/BackUP\ /My\ projects\ 2/rss/rss\ mac/.xcode-derived-data/Build/Products/Debug/PackageFrameworks -F /Volumes/BackUP\ /My\ projects\ 2/rss/rss\ mac/.xcode-derived-data/Build/Products/Debug/PackageFrameworks -F /Volumes/BackUP\ /My\ projects\ 2/rss/rss\ mac/.xcode-derived-data/Build/Products/Debug/PackageFrameworks -F /Volumes/BackUP\ /My\ projects\ 2/rss/rss\ mac/.xcode-derived-data/Build/Products/Debug/PackageFrameworks -F /Volumes/BackUP\ /My\ projects\ 2/rss/rss\ mac/.xcode-derived-data/Build/Products/Debug/PackageFrameworks -F /Volumes/BackUP\ /My\ projects\ 2/rss/rss\ mac/.xcode-derived-data/Build/Products/Debug/PackageFrameworks -F /Volumes/BackUP\ /My\ projects\ 2/rss/rss\ mac/.xcode-derived-data/Build/Products/Debug/PackageFrameworks -F /Volumes/BackUP\ /My\ projects\ 2/rss/rss\ mac/.xcode-derived-data/Build/Products/Debug/PackageFrameworks -F /Volumes/BackUP\ /My\ projects\ 2/rss/rss\ mac/.xcode-derived-data/Build/Products/Debug/PackageFrameworks -F /Volumes/BackUP\ /My\ projects\ 2/rss/rss\ mac/.xcode-derived-data/Build/Products/Debug/PackageFrameworks -F /Volumes/BackUP\ /My\ projects\ 2/rss/rss\ mac/.xcode-derived-data/Build/Products/Debug/PackageFrameworks -F /Volumes/BackUP\ /My\ projects\ 2/rss/rss\ mac/.xcode-derived-data/Build/Products/Debug/PackageFrameworks -F /Volumes/BackUP\ /My\ projects\ 2/rss/rss\ mac/.xcode-derived-data/Build/Products/Debug/PackageFrameworks -F /Volumes/BackUP\ /My\ projects\ 2/rss/rss\ mac/.xcode-derived-data/Build/Products/Debug/PackageFrameworks -F /Volumes/BackUP\ /My\ projects\ 2/rss/rss\ mac/.xcode-derived-data/Build/Products/Debug/PackageFrameworks -F /Volumes/BackUP\ /My\ projects\ 2/rss/rss\ mac/.xcode-derived-data/Build/Products/Debug/PackageFrameworks -F /Volumes/BackUP\ /My\ projects\ 2/rss/rss\ mac/.xcode-derived-data/Build/Products/Debug/PackageFrameworks -F /Volumes/BackUP\ /My\ projects\ 2/rss/rss\ mac/.xcode-derived-data/Build/Products/Debug/PackageFrameworks -F /Volumes/BackUP\ /My\ projects\ 2/rss/rss\ mac/.xcode-derived-data/Build/Products/Debug/PackageFrameworks -F /Volumes/BackUP\ /My\ projects\ 2/rss/rss\ mac/.xcode-derived-data/Build/Products/Debug/PackageFrameworks -F /Volumes/BackUP\ /My\ projects\ 2/rss/rss\ mac/.xcode-derived-data/Build/Products/Debug/PackageFrameworks -F /Volumes/BackUP\ /My\ projects\ 2/rss/rss\ mac/.xcode-derived-data/Build/Products/Debug/PackageFrameworks -F /Volumes/BackUP\ /My\ projects\ 2/rss/rss\ mac/.xcode-derived-data/Build/Products/Debug/PackageFrameworks -F /Volumes/BackUP\ /My\ projects\ 2/rss/rss\ mac/.xcode-derived-data/Build/Products/Debug/PackageFrameworks -F /Volumes/BackUP\ /My\ projects\ 2/rss/rss\ mac/.xcode-derived-data/Build/Products/Debug/PackageFrameworks -F /Volumes/BackUP\ /My\ projects\ 2/rss/rss\ mac/.xcode-derived-data/Build/Products/Debug/PackageFrameworks -F /Volumes/BackUP\ /My\ projects\ 2/rss/rss\ mac/.xcode-derived-data/Build/Products/Debug/PackageFrameworks -F /Volumes/BackUP\ /My\ projects\ 2/rss/rss\ mac/.xcode-derived-data/Build/Products/Debug/PackageFrameworks -F /Volumes/BackUP\ /My\ projects\ 2/rss/rss\ mac/.xcode-derived-data/Build/Products/Debug/PackageFrameworks -F /Volumes/BackUP\ /My\ projects\ 2/rss/rss\ mac/.xcode-derived-data/Build/Products/Debug/PackageFrameworks -F /Volumes/BackUP\ /My\ projects\ 2/rss/rss\ mac/.xcode-derived-data/Build/Products/Debug/PackageFrameworks -F /Volumes/BackUP\ /My\ projects\ 2/rss/rss\ mac/.xcode-derived-data/Build/Products/Debug/PackageFrameworks -F /Volumes/BackUP\ /My\ projects\ 2/rss/rss\ mac/.xcode-derived-data/Build/Products/Debug/PackageFrameworks -F /Volumes/BackUP\ /My\ projects\ 2/rss/rss\ mac/.xcode-derived-data/Build/Products/Debug/PackageFrameworks -F /Volumes/BackUP\ /My\ projects\ 2/rss/rss\ mac/.xcode-derived-data/Build/Products/Debug/PackageFrameworks -F /Volumes/BackUP\ /My\ projects\ 2/rss/rss\ mac/.xcode-derived-data/Build/Products/Debug/PackageFrameworks -F /Volumes/BackUP\ /My\ projects\ 2/rss/rss\ mac/.xcode-derived-data/Build/Products/Debug/PackageFrameworks -F /Volumes/BackUP\ /My\ projects\ 2/rss/rss\ mac/.xcode-derived-data/Build/Products/Debug/PackageFrameworks -F /Volumes/BackUP\ /My\ projects\ 2/rss/rss\ mac/.xcode-derived-data/Build/Products/Debug/PackageFrameworks -F /Volumes/BackUP\ /My\ projects\ 2/rss/rss\ mac/.xcode-derived-data/Build/Products/Debug/PackageFrameworks -F /Volumes/BackUP\ /My\ projects\ 2/rss/rss\ mac/.xcode-derived-data/Build/Products/Debug/PackageFrameworks -F /Volumes/BackUP\ /My\ projects\ 2/rss/rss\ mac/.xcode-derived-data/Build/Products/Debug/PackageFrameworks -F /Volumes/BackUP\ /My\ projects\ 2/rss/rss\ mac/.xcode-derived-data/Build/Products/Debug/PackageFrameworks -F /Volumes/BackUP\ /My\ projects\ 2/rss/rss\ mac/.xcode-derived-data/Build/Products/Debug/PackageFrameworks -F /Volumes/BackUP\ /My\ projects\ 2/rss/rss\ mac/.xcode-derived-data/Build/Products/Debug/PackageFrameworks -F /Volumes/BackUP\ /My\ projects\ 2/rss/rss\ mac/.xcode-derived-data/Build/Products/Debug/PackageFrameworks -F /Volumes/BackUP\ /My\ projects\ 2/rss/rss\ mac/.xcode-derived-data/Build/Products/Debug/PackageFrameworks -F /Volumes/BackUP\ /My\ projects\ 2/rss/rss\ mac/.xcode-derived-data/Build/Products/Debug/PackageFrameworks -F /Volumes/BackUP\ /My\ projects\ 2/rss/rss\ mac/.xcode-derived-data/Build/Products/Debug/PackageFrameworks -F /Volumes/BackUP\ /My\ projects\ 2/rss/rss\ mac/.xcode-derived-data/Build/Products/Debug/PackageFrameworks -F /Volumes/BackUP\ /My\ projects\ 2/rss/rss\ mac/.xcode-derived-data/Build/Products/Debug/PackageFrameworks -F /Volumes/BackUP\ /My\ projects\ 2/rss/rss\ mac/.xcode-derived-data/Build/Products/Debug/PackageFrameworks -F /Volumes/BackUP\ /My\ projects\ 2/rss/rss\ mac/.xcode-derived-data/Build/Products/Debug/PackageFrameworks -F /Volumes/BackUP\ /My\ projects\ 2/rss/rss\ mac/.xcode-derived-data/Build/Products/Debug/PackageFrameworks -F /Volumes/BackUP\ /My\ projects\ 2/rss/rss\ mac/.xcode-derived-data/Build/Products/Debug/PackageFrameworks -F /Volumes/BackUP\ /My\ projects\ 2/rss/rss\ mac/.xcode-derived-data/Build/Products/Debug/PackageFrameworks -F /Volumes/BackUP\ /My\ projects\ 2/rss/rss\ mac/.xcode-derived-data/Build/Products/Debug/PackageFrameworks -F /Volumes/BackUP\ /My\ projects\ 2/rss/rss\ mac/.xcode-derived-data/Build/Products/Debug/PackageFrameworks -F /Volumes/BackUP\ /My\ projects\ 2/rss/rss\ mac/.xcode-derived-data/Build/Products/Debug/PackageFrameworks -F /Volumes/BackUP\ /My\ projects\ 2/rss/rss\ mac/.xcode-derived-data/Build/Products/Debug/PackageFrameworks -F /Volumes/BackUP\ /My\ projects\ 2/rss/rss\ mac/.xcode-derived-data/Build/Products/Debug/PackageFrameworks -F /Volumes/BackUP\ /My\ projects\ 2/rss/rss\ mac/.xcode-derived-data/Build/Products/Debug/PackageFrameworks -F /Volumes/BackUP\ /My\ projects\ 2/rss/rss\ mac/.xcode-derived-data/Build/Products/Debug/PackageFrameworks -F /Volumes/BackUP\ /My\ projects\ 2/rss/rss\ mac/.xcode-derived-data/Build/Products/Debug/PackageFrameworks -F /Volumes/BackUP\ /My\ projects\ 2/rss/rss\ mac/.xcode-derived-data/Build/Products/Debug/PackageFrameworks -F /Volumes/BackUP\ /My\ projects\ 2/rss/rss\ mac/.xcode-derived-data/Build/Products/Debug -emit-localized-strings -emit-localized-strings-path /Volumes/BackUP\ /My\ projects\ 2/rss/rss\ mac/.xcode-derived-data/Build/Intermediates.noindex/RSSReaderApp.build/Debug/RSSReaderApp\ \(macOS\).build/Objects-normal/arm64 -c -j10 -enable-batch-mode -incremental -Xcc -ivfsstatcache -Xcc /Volumes/BackUP\ /My\ projects\ 2/rss/rss\ mac/.xcode-derived-data/SDKStatCaches.noindex/macosx26.4-25E236-688ef53f1462e2c8f657fdc38a81448f30f9ca8789b706f8bd3fc906a70d770f.sdkstatcache -output-file-map /Volumes/BackUP\ /My\ projects\ 2/rss/rss\ mac/.xcode-derived-data/Build/Intermediates.noindex/RSSReaderApp.build/Debug/RSSReaderApp\ \(macOS\).build/Objects-normal/arm64/RSSReaderApp\ \(macOS\)-OutputFileMap.json -use-frontend-parseable-output -save-temps -no-color-diagnostics -serialize-diagnostics -emit-dependencies -emit-module -emit-module-path /Volumes/BackUP\ /My\ projects\ 2/rss/rss\ mac/.xcode-derived-data/Build/Intermediates.noindex/RSSReaderApp.build/Debug/RSSReaderApp\ \(macOS\).build/Objects-normal/arm64/RSSReaderApp.swiftmodule -validate-clang-modules-once -clang-build-session-file /Volumes/BackUP\ /My\ projects\ 2/rss/rss\ mac/.xcode-derived-data/ModuleCache.noindex/Session.modulevalidation -Xcc -I/Volumes/BackUP\ /My\ projects\ 2/rss/rss\ mac/.xcode-derived-data/Build/Intermediates.noindex/RSSReaderApp.build/Debug/RSSReaderApp\ \(macOS\).build/swift-overrides.hmap -emit-const-values -Xfrontend -const-gather-protocols-file -Xfrontend /Volumes/BackUP\ /My\ projects\ 2/rss/rss\ mac/.xcode-derived-data/Build/Intermediates.noindex/RSSReaderApp.build/Debug/RSSReaderApp\ \(macOS\).build/Objects-normal/arm64/RSSReaderApp\ \(macOS\)_const_extract_protocols.json -Xcc -iquote -Xcc /Volumes/BackUP\ /My\ projects\ 2/rss/rss\ mac/.xcode-derived-data/Build/Intermediates.noindex/RSSReaderApp.build/Debug/RSSReaderApp\ \(macOS\).build/RSSReaderApp-generated-files.hmap -Xcc -I/Volumes/BackUP\ /My\ projects\ 2/rss/rss\ mac/.xcode-derived-data/Build/Intermediates.noindex/RSSReaderApp.build/Debug/RSSReaderApp\ \(macOS\).build/RSSReaderApp-own-target-headers.hmap -Xcc -I/Volumes/BackUP\ /My\ projects\ 2/rss/rss\ mac/.xcode-derived-data/Build/Intermediates.noindex/RSSReaderApp.build/Debug/RSSReaderApp\ \(macOS\).build/RSSReaderApp-all-non-framework-target-headers.hmap -Xcc -ivfsoverlay -Xcc /Volumes/BackUP\ /My\ projects\ 2/rss/rss\ mac/.xcode-derived-data/Build/Intermediates.noindex/RSSReaderApp.build/Debug/RSSReaderApp-c40851c573f48485b6ef7aa5f8f62cbd-VFS/all-product-headers.yaml -Xcc -iquote -Xcc /Volumes/BackUP\ /My\ projects\ 2/rss/rss\ mac/.xcode-derived-data/Build/Intermediates.noindex/RSSReaderApp.build/Debug/RSSReaderApp\ \(macOS\).build/RSSReaderApp-project-headers.hmap -Xcc -I/Volumes/BackUP\ /My\ projects\ 2/rss/rss\ mac/.xcode-derived-data/RSSReaderApp-egzdqkuxvbbwfzdqleixixxxsvfv/SourcePackages/checkouts/swift-nio-ssl/Sources/CNIOBoringSSLShims/include -Xcc -I/Volumes/BackUP\ /My\ projects\ 2/rss/rss\ mac/.xcode-derived-data/RSSReaderApp-egzdqkuxvbbwfzdqleixixxxsvfv/SourcePackages/checkouts/swift-nio-ssl/Sources/CNIOBoringSSL/include -Xcc -I/Volumes/BackUP\ /My\ projects\ 2/rss/rss\ mac/.xcode-derived-data/RSSReaderApp-egzdqkuxvbbwfzdqleixixxxsvfv/SourcePackages/checkouts/swift-nio-extras/Sources/CNIOExtrasZlib/include -Xcc -I/Volumes/BackUP\ /My\ projects\ 2/rss/rss\ mac/.xcode-derived-data/RSSReaderApp-egzdqkuxvbbwfzdqleixixxxsvfv/SourcePackages/checkouts/swift-system/Sources/CSystem/include -Xcc -I/Volumes/BackUP\ /My\ projects\ 2/rss/rss\ mac/.xcode-derived-data/RSSReaderApp-egzdqkuxvbbwfzdqleixixxxsvfv/SourcePackages/checkouts/async-http-client/Sources/CAsyncHTTPClient/include -Xcc -I/Volumes/BackUP\ /My\ projects\ 2/rss/rss\ mac/.xcode-derived-data/RSSReaderApp-egzdqkuxvbbwfzdqleixixxxsvfv/SourcePackages/checkouts/swift-nio/Sources/CNIOLLHTTP/include -Xcc -I/Volumes/BackUP\ /My\ projects\ 2/rss/rss\ mac/.xcode-derived-data/RSSReaderApp-egzdqkuxvbbwfzdqleixixxxsvfv/SourcePackages/checkouts/swift-nio/Sources/CNIOPosix/include -Xcc -I/Volumes/BackUP\ /My\ projects\ 2/rss/rss\ mac/.xcode-derived-data/RSSReaderApp-egzdqkuxvbbwfzdqleixixxxsvfv/SourcePackages/checkouts/swift-nio/Sources/CNIOWASI/include -Xcc -I/Volumes/BackUP\ /My\ projects\ 2/rss/rss\ mac/.xcode-derived-data/RSSReaderApp-egzdqkuxvbbwfzdqleixixxxsvfv/SourcePackages/checkouts/swift-nio/Sources/CNIOWindows/include -Xcc -I/Volumes/BackUP\ /My\ projects\ 2/rss/rss\ mac/.xcode-derived-data/RSSReaderApp-egzdqkuxvbbwfzdqleixixxxsvfv/SourcePackages/checkouts/swift-nio/Sources/CNIOLinux/include -Xcc -I/Volumes/BackUP\ /My\ projects\ 2/rss/rss\ mac/.xcode-derived-data/RSSReaderApp-egzdqkuxvbbwfzdqleixixxxsvfv/SourcePackages/checkouts/swift-nio/Sources/CNIODarwin/include -Xcc -I/Volumes/BackUP\ /My\ projects\ 2/rss/rss\ mac/.xcode-derived-data/RSSReaderApp-egzdqkuxvbbwfzdqleixixxxsvfv/SourcePackages/checkouts/swift-nio/Sources/CNIOOpenBSD/include -Xcc -I/Volumes/BackUP\ /My\ projects\ 2/rss/rss\ mac/.xcode-derived-data/RSSReaderApp-egzdqkuxvbbwfzdqleixixxxsvfv/SourcePackages/checkouts/swift-nio/Sources/CNIOAtomics/include -Xcc -I/Volumes/BackUP\ /My\ projects\ 2/rss/rss\ mac/.xcode-derived-data/RSSReaderApp-egzdqkuxvbbwfzdqleixixxxsvfv/SourcePackages/checkouts/swift-atomics/Sources/_AtomicsShims/include -Xcc -I/Volumes/BackUP\ /My\ projects\ 2/rss/rss\ mac/.xcode-derived-data/RSSReaderApp-egzdqkuxvbbwfzdqleixixxxsvfv/SourcePackages/checkouts/swift-numerics/Sources/_NumericsShims/include -Xcc -I/Volumes/BackUP\ /My\ projects\ 2/rss/rss\ mac/.xcode-derived-data/RSSReaderApp-egzdqkuxvbbwfzdqleixixxxsvfv/SourcePackages/checkouts/mlx-swift/Source/Cmlx/include -Xcc -I/Volumes/BackUP\ /My\ projects\ 2/rss/rss\ mac/.xcode-derived-data/RSSReaderApp-egzdqkuxvbbwfzdqleixixxxsvfv/SourcePackages/checkouts/yyjson/src -Xcc -I/Volumes/BackUP\ /My\ projects\ 2/rss/rss\ mac/.xcode-derived-data/Build/Products/Debug/include -Xcc -I/Volumes/BackUP\ /My\ projects\ 2/rss/rss\ mac/.xcode-derived-data/Build/Intermediates.noindex/RSSReaderApp.build/Debug/RSSReaderApp\ \(macOS\).build/DerivedSources-normal/arm64 -Xcc -I/Volumes/BackUP\ /My\ projects\ 2/rss/rss\ mac/.xcode-derived-data/Build/Intermediates.noindex/RSSReaderApp.build/Debug/RSSReaderApp\ \(macOS\).build/DerivedSources/arm64 -Xcc -I/Volumes/BackUP\ /My\ projects\ 2/rss/rss\ mac/.xcode-derived-data/Build/Intermediates.noindex/RSSReaderApp.build/Debug/RSSReaderApp\ \(macOS\).build/DerivedSources -Xcc -DDEBUG\=1 -emit-objc-header -emit-objc-header-path /Volumes/BackUP\ /My\ projects\ 2/rss/rss\ mac/.xcode-derived-data/Build/Intermediates.noindex/RSSReaderApp.build/Debug/RSSReaderApp\ \(macOS\).build/Objects-normal/arm64/RSSReaderApp-Swift.h -working-directory /Volumes/Back\ up\ 3/rss\ latest/rss\ mac -experimental-emit-module-separately -disable-cmo

SwiftDriverJobDiscovery normal arm64 Emitting module for RSSReaderApp (in target 'RSSReaderApp (macOS)' from project 'RSSReaderApp')

SwiftDriver\ Compilation\ Requirements RSSReaderApp\ (macOS) normal arm64 com.apple.xcode.tools.swift.compiler (in target 'RSSReaderApp (macOS)' from project 'RSSReaderApp')
    cd /Volumes/Back\ up\ 3/rss\ latest/rss\ mac
    builtin-Swift-Compilation-Requirements -- /Applications/Xcode.app/Contents/Developer/Toolchains/XcodeDefault.xctoolchain/usr/bin/swiftc -module-name RSSReaderApp -Onone @/Volumes/BackUP\ /My\ projects\ 2/rss/rss\ mac/.xcode-derived-data/Build/Intermediates.noindex/RSSReaderApp.build/Debug/RSSReaderApp\ \(macOS\).build/Objects-normal/arm64/RSSReaderApp.SwiftFileList -DDEBUG -Xcc -fmodule-map-file\=/Volumes/BackUP\ /My\ projects\ 2/rss/rss\ mac/.xcode-derived-data/Build/Intermediates.noindex/GeneratedModuleMaps/CNIOBoringSSLShims.modulemap -Xcc -fmodule-map-file\=/Volumes/BackUP\ /My\ projects\ 2/rss/rss\ mac/.xcode-derived-data/Build/Intermediates.noindex/GeneratedModuleMaps/CNIOExtrasZlib.modulemap -Xcc -fmodule-map-file\=/Volumes/BackUP\ /My\ projects\ 2/rss/rss\ mac/.xcode-derived-data/Build/Intermediates.noindex/GeneratedModuleMaps/CAsyncHTTPClient.modulemap -Xcc -fmodule-map-file\=/Volumes/BackUP\ /My\ projects\ 2/rss/rss\ mac/.xcode-derived-data/Build/Intermediates.noindex/GeneratedModuleMaps/CNIOLLHTTP.modulemap -Xcc -fmodule-map-file\=/Volumes/BackUP\ /My\ projects\ 2/rss/rss\ mac/.xcode-derived-data/Build/Intermediates.noindex/GeneratedModuleMaps/CNIOPosix.modulemap -Xcc -fmodule-map-file\=/Volumes/BackUP\ /My\ projects\ 2/rss/rss\ mac/.xcode-derived-data/Build/Intermediates.noindex/GeneratedModuleMaps/CNIOWASI.modulemap -Xcc -fmodule-map-file\=/Volumes/BackUP\ /My\ projects\ 2/rss/rss\ mac/.xcode-derived-data/Build/Intermediates.noindex/GeneratedModuleMaps/CNIOLinux.modulemap -Xcc -fmodule-map-file\=/Volumes/BackUP\ /My\ projects\ 2/rss/rss\ mac/.xcode-derived-data/Build/Intermediates.noindex/GeneratedModuleMaps/CNIODarwin.modulemap -Xcc -fmodule-map-file\=/Volumes/BackUP\ /My\ projects\ 2/rss/rss\ mac/.xcode-derived-data/Build/Intermediates.noindex/GeneratedModuleMaps/CNIOOpenBSD.modulemap -Xcc -fmodule-map-file\=/Volumes/BackUP\ /My\ projects\ 2/rss/rss\ mac/.xcode-derived-data/Build/Intermediates.noindex/GeneratedModuleMaps/CNIOAtomics.modulemap -Xcc -fmodule-map-file\=/Volumes/BackUP\ /My\ projects\ 2/rss/rss\ mac/.xcode-derived-data/Build/Intermediates.noindex/GeneratedModuleMaps/yyjson.modulemap -enable-bare-slash-regex -enable-experimental-feature DebugDescriptionMacro -sdk /Applications/Xcode.app/Contents/Developer/Platforms/MacOSX.platform/Developer/SDKs/MacOSX26.4.sdk -target arm64-apple-macos26.0 -g -module-cache-path /Volumes/BackUP\ /My\ projects\ 2/rss/rss\ mac/.xcode-derived-data/ModuleCache.noindex -Xfrontend -serialize-debugging-options -enable-testing -Xcc -D_LIBCPP_HARDENING_MODE\=_LIBCPP_HARDENING_MODE_DEBUG -swift-version 5 -I /Volumes/BackUP\ /My\ projects\ 2/rss/rss\ mac/.xcode-derived-data/Build/Products/Debug -F /Volumes/BackUP\ /My\ projects\ 2/rss/rss\ mac/.xcode-derived-data/Build/Products/Debug/PackageFrameworks -F /Volumes/BackUP\ /My\ projects\ 2/rss/rss\ mac/.xcode-derived-data/Build/Products/Debug/PackageFrameworks -F /Volumes/BackUP\ /My\ projects\ 2/rss/rss\ mac/.xcode-derived-data/Build/Products/Debug/PackageFrameworks -F /Volumes/BackUP\ /My\ projects\ 2/rss/rss\ mac/.xcode-derived-data/Build/Products/Debug/PackageFrameworks -F /Volumes/BackUP\ /My\ projects\ 2/rss/rss\ mac/.xcode-derived-data/Build/Products/Debug/PackageFrameworks -F /Volumes/BackUP\ /My\ projects\ 2/rss/rss\ mac/.xcode-derived-data/Build/Products/Debug/PackageFrameworks -F /Volumes/BackUP\ /My\ projects\ 2/rss/rss\ mac/.xcode-derived-data/Build/Products/Debug/PackageFrameworks -F /Volumes/BackUP\ /My\ projects\ 2/rss/rss\ mac/.xcode-derived-data/Build/Products/Debug/PackageFrameworks -F /Volumes/BackUP\ /My\ projects\ 2/rss/rss\ mac/.xcode-derived-data/Build/Products/Debug/PackageFrameworks -F /Volumes/BackUP\ /My\ projects\ 2/rss/rss\ mac/.xcode-derived-data/Build/Products/Debug/PackageFrameworks -F /Volumes/BackUP\ /My\ projects\ 2/rss/rss\ mac/.xcode-derived-data/Build/Products/Debug/PackageFrameworks -F /Volumes/BackUP\ /My\ projects\ 2/rss/rss\ mac/.xcode-derived-data/Build/Products/Debug/PackageFrameworks -F /Volumes/BackUP\ /My\ projects\ 2/rss/rss\ mac/.xcode-derived-data/Build/Products/Debug/PackageFrameworks -F /Volumes/BackUP\ /My\ projects\ 2/rss/rss\ mac/.xcode-derived-data/Build/Products/Debug/PackageFrameworks -F /Volumes/BackUP\ /My\ projects\ 2/rss/rss\ mac/.xcode-derived-data/Build/Products/Debug/PackageFrameworks -F /Volumes/BackUP\ /My\ projects\ 2/rss/rss\ mac/.xcode-derived-data/Build/Products/Debug/PackageFrameworks -F /Volumes/BackUP\ /My\ projects\ 2/rss/rss\ mac/.xcode-derived-data/Build/Products/Debug/PackageFrameworks -F /Volumes/BackUP\ /My\ projects\ 2/rss/rss\ mac/.xcode-derived-data/Build/Products/Debug/PackageFrameworks -F /Volumes/BackUP\ /My\ projects\ 2/rss/rss\ mac/.xcode-derived-data/Build/Products/Debug/PackageFrameworks -F /Volumes/BackUP\ /My\ projects\ 2/rss/rss\ mac/.xcode-derived-data/Build/Products/Debug/PackageFrameworks -F /Volumes/BackUP\ /My\ projects\ 2/rss/rss\ mac/.xcode-derived-data/Build/Products/Debug/PackageFrameworks -F /Volumes/BackUP\ /My\ projects\ 2/rss/rss\ mac/.xcode-derived-data/Build/Products/Debug/PackageFrameworks -F /Volumes/BackUP\ /My\ projects\ 2/rss/rss\ mac/.xcode-derived-data/Build/Products/Debug/PackageFrameworks -F /Volumes/BackUP\ /My\ projects\ 2/rss/rss\ mac/.xcode-derived-data/Build/Products/Debug/PackageFrameworks -F /Volumes/BackUP\ /My\ projects\ 2/rss/rss\ mac/.xcode-derived-data/Build/Products/Debug/PackageFrameworks -F /Volumes/BackUP\ /My\ projects\ 2/rss/rss\ mac/.xcode-derived-data/Build/Products/Debug/PackageFrameworks -F /Volumes/BackUP\ /My\ projects\ 2/rss/rss\ mac/.xcode-derived-data/Build/Products/Debug/PackageFrameworks -F /Volumes/BackUP\ /My\ projects\ 2/rss/rss\ mac/.xcode-derived-data/Build/Products/Debug/PackageFrameworks -F /Volumes/BackUP\ /My\ projects\ 2/rss/rss\ mac/.xcode-derived-data/Build/Products/Debug/PackageFrameworks -F /Volumes/BackUP\ /My\ projects\ 2/rss/rss\ mac/.xcode-derived-data/Build/Products/Debug/PackageFrameworks -F /Volumes/BackUP\ /My\ projects\ 2/rss/rss\ mac/.xcode-derived-data/Build/Products/Debug/PackageFrameworks -F /Volumes/BackUP\ /My\ projects\ 2/rss/rss\ mac/.xcode-derived-data/Build/Products/Debug/PackageFrameworks -F /Volumes/BackUP\ /My\ projects\ 2/rss/rss\ mac/.xcode-derived-data/Build/Products/Debug/PackageFrameworks -F /Volumes/BackUP\ /My\ projects\ 2/rss/rss\ mac/.xcode-derived-data/Build/Products/Debug/PackageFrameworks -F /Volumes/BackUP\ /My\ projects\ 2/rss/rss\ mac/.xcode-derived-data/Build/Products/Debug/PackageFrameworks -F /Volumes/BackUP\ /My\ projects\ 2/rss/rss\ mac/.xcode-derived-data/Build/Products/Debug/PackageFrameworks -F /Volumes/BackUP\ /My\ projects\ 2/rss/rss\ mac/.xcode-derived-data/Build/Products/Debug/PackageFrameworks -F /Volumes/BackUP\ /My\ projects\ 2/rss/rss\ mac/.xcode-derived-data/Build/Products/Debug/PackageFrameworks -F /Volumes/BackUP\ /My\ projects\ 2/rss/rss\ mac/.xcode-derived-data/Build/Products/Debug/PackageFrameworks -F /Volumes/BackUP\ /My\ projects\ 2/rss/rss\ mac/.xcode-derived-data/Build/Products/Debug/PackageFrameworks -F /Volumes/BackUP\ /My\ projects\ 2/rss/rss\ mac/.xcode-derived-data/Build/Products/Debug/PackageFrameworks -F /Volumes/BackUP\ /My\ projects\ 2/rss/rss\ mac/.xcode-derived-data/Build/Products/Debug/PackageFrameworks -F /Volumes/BackUP\ /My\ projects\ 2/rss/rss\ mac/.xcode-derived-data/Build/Products/Debug/PackageFrameworks -F /Volumes/BackUP\ /My\ projects\ 2/rss/rss\ mac/.xcode-derived-data/Build/Products/Debug/PackageFrameworks -F /Volumes/BackUP\ /My\ projects\ 2/rss/rss\ mac/.xcode-derived-data/Build/Products/Debug/PackageFrameworks -F /Volumes/BackUP\ /My\ projects\ 2/rss/rss\ mac/.xcode-derived-data/Build/Products/Debug/PackageFrameworks -F /Volumes/BackUP\ /My\ projects\ 2/rss/rss\ mac/.xcode-derived-data/Build/Products/Debug/PackageFrameworks -F /Volumes/BackUP\ /My\ projects\ 2/rss/rss\ mac/.xcode-derived-data/Build/Products/Debug/PackageFrameworks -F /Volumes/BackUP\ /My\ projects\ 2/rss/rss\ mac/.xcode-derived-data/Build/Products/Debug/PackageFrameworks -F /Volumes/BackUP\ /My\ projects\ 2/rss/rss\ mac/.xcode-derived-data/Build/Products/Debug/PackageFrameworks -F /Volumes/BackUP\ /My\ projects\ 2/rss/rss\ mac/.xcode-derived-data/Build/Products/Debug/PackageFrameworks -F /Volumes/BackUP\ /My\ projects\ 2/rss/rss\ mac/.xcode-derived-data/Build/Products/Debug/PackageFrameworks -F /Volumes/BackUP\ /My\ projects\ 2/rss/rss\ mac/.xcode-derived-data/Build/Products/Debug/PackageFrameworks -F /Volumes/BackUP\ /My\ projects\ 2/rss/rss\ mac/.xcode-derived-data/Build/Products/Debug/PackageFrameworks -F /Volumes/BackUP\ /My\ projects\ 2/rss/rss\ mac/.xcode-derived-data/Build/Products/Debug/PackageFrameworks -F /Volumes/BackUP\ /My\ projects\ 2/rss/rss\ mac/.xcode-derived-data/Build/Products/Debug/PackageFrameworks -F /Volumes/BackUP\ /My\ projects\ 2/rss/rss\ mac/.xcode-derived-data/Build/Products/Debug/PackageFrameworks -F /Volumes/BackUP\ /My\ projects\ 2/rss/rss\ mac/.xcode-derived-data/Build/Products/Debug/PackageFrameworks -F /Volumes/BackUP\ /My\ projects\ 2/rss/rss\ mac/.xcode-derived-data/Build/Products/Debug/PackageFrameworks -F /Volumes/BackUP\ /My\ projects\ 2/rss/rss\ mac/.xcode-derived-data/Build/Products/Debug/PackageFrameworks -F /Volumes/BackUP\ /My\ projects\ 2/rss/rss\ mac/.xcode-derived-data/Build/Products/Debug/PackageFrameworks -F /Volumes/BackUP\ /My\ projects\ 2/rss/rss\ mac/.xcode-derived-data/Build/Products/Debug/PackageFrameworks -F /Volumes/BackUP\ /My\ projects\ 2/rss/rss\ mac/.xcode-derived-data/Build/Products/Debug/PackageFrameworks -F /Volumes/BackUP\ /My\ projects\ 2/rss/rss\ mac/.xcode-derived-data/Build/Products/Debug/PackageFrameworks -F /Volumes/BackUP\ /My\ projects\ 2/rss/rss\ mac/.xcode-derived-data/Build/Products/Debug/PackageFrameworks -F /Volumes/BackUP\ /My\ projects\ 2/rss/rss\ mac/.xcode-derived-data/Build/Products/Debug/PackageFrameworks -F /Volumes/BackUP\ /My\ projects\ 2/rss/rss\ mac/.xcode-derived-data/Build/Products/Debug/PackageFrameworks -F /Volumes/BackUP\ /My\ projects\ 2/rss/rss\ mac/.xcode-derived-data/Build/Products/Debug/PackageFrameworks -F /Volumes/BackUP\ /My\ projects\ 2/rss/rss\ mac/.xcode-derived-data/Build/Products/Debug/PackageFrameworks -F /Volumes/BackUP\ /My\ projects\ 2/rss/rss\ mac/.xcode-derived-data/Build/Products/Debug -emit-localized-strings -emit-localized-strings-path /Volumes/BackUP\ /My\ projects\ 2/rss/rss\ mac/.xcode-derived-data/Build/Intermediates.noindex/RSSReaderApp.build/Debug/RSSReaderApp\ \(macOS\).build/Objects-normal/arm64 -c -j10 -enable-batch-mode -incremental -Xcc -ivfsstatcache -Xcc /Volumes/BackUP\ /My\ projects\ 2/rss/rss\ mac/.xcode-derived-data/SDKStatCaches.noindex/macosx26.4-25E236-688ef53f1462e2c8f657fdc38a81448f30f9ca8789b706f8bd3fc906a70d770f.sdkstatcache -output-file-map /Volumes/BackUP\ /My\ projects\ 2/rss/rss\ mac/.xcode-derived-data/Build/Intermediates.noindex/RSSReaderApp.build/Debug/RSSReaderApp\ \(macOS\).build/Objects-normal/arm64/RSSReaderApp\ \(macOS\)-OutputFileMap.json -use-frontend-parseable-output -save-temps -no-color-diagnostics -serialize-diagnostics -emit-dependencies -emit-module -emit-module-path /Volumes/BackUP\ /My\ projects\ 2/rss/rss\ mac/.xcode-derived-data/Build/Intermediates.noindex/RSSReaderApp.build/Debug/RSSReaderApp\ \(macOS\).build/Objects-normal/arm64/RSSReaderApp.swiftmodule -validate-clang-modules-once -clang-build-session-file /Volumes/BackUP\ /My\ projects\ 2/rss/rss\ mac/.xcode-derived-data/ModuleCache.noindex/Session.modulevalidation -Xcc -I/Volumes/BackUP\ /My\ projects\ 2/rss/rss\ mac/.xcode-derived-data/Build/Intermediates.noindex/RSSReaderApp.build/Debug/RSSReaderApp\ \(macOS\).build/swift-overrides.hmap -emit-const-values -Xfrontend -const-gather-protocols-file -Xfrontend /Volumes/BackUP\ /My\ projects\ 2/rss/rss\ mac/.xcode-derived-data/Build/Intermediates.noindex/RSSReaderApp.build/Debug/RSSReaderApp\ \(macOS\).build/Objects-normal/arm64/RSSReaderApp\ \(macOS\)_const_extract_protocols.json -Xcc -iquote -Xcc /Volumes/BackUP\ /My\ projects\ 2/rss/rss\ mac/.xcode-derived-data/Build/Intermediates.noindex/RSSReaderApp.build/Debug/RSSReaderApp\ \(macOS\).build/RSSReaderApp-generated-files.hmap -Xcc -I/Volumes/BackUP\ /My\ projects\ 2/rss/rss\ mac/.xcode-derived-data/Build/Intermediates.noindex/RSSReaderApp.build/Debug/RSSReaderApp\ \(macOS\).build/RSSReaderApp-own-target-headers.hmap -Xcc -I/Volumes/BackUP\ /My\ projects\ 2/rss/rss\ mac/.xcode-derived-data/Build/Intermediates.noindex/RSSReaderApp.build/Debug/RSSReaderApp\ \(macOS\).build/RSSReaderApp-all-non-framework-target-headers.hmap -Xcc -ivfsoverlay -Xcc /Volumes/BackUP\ /My\ projects\ 2/rss/rss\ mac/.xcode-derived-data/Build/Intermediates.noindex/RSSReaderApp.build/Debug/RSSReaderApp-c40851c573f48485b6ef7aa5f8f62cbd-VFS/all-product-headers.yaml -Xcc -iquote -Xcc /Volumes/BackUP\ /My\ projects\ 2/rss/rss\ mac/.xcode-derived-data/Build/Intermediates.noindex/RSSReaderApp.build/Debug/RSSReaderApp\ \(macOS\).build/RSSReaderApp-project-headers.hmap -Xcc -I/Volumes/BackUP\ /My\ projects\ 2/rss/rss\ mac/.xcode-derived-data/RSSReaderApp-egzdqkuxvbbwfzdqleixixxxsvfv/SourcePackages/checkouts/swift-nio-ssl/Sources/CNIOBoringSSLShims/include -Xcc -I/Volumes/BackUP\ /My\ projects\ 2/rss/rss\ mac/.xcode-derived-data/RSSReaderApp-egzdqkuxvbbwfzdqleixixxxsvfv/SourcePackages/checkouts/swift-nio-ssl/Sources/CNIOBoringSSL/include -Xcc -I/Volumes/BackUP\ /My\ projects\ 2/rss/rss\ mac/.xcode-derived-data/RSSReaderApp-egzdqkuxvbbwfzdqleixixxxsvfv/SourcePackages/checkouts/swift-nio-extras/Sources/CNIOExtrasZlib/include -Xcc -I/Volumes/BackUP\ /My\ projects\ 2/rss/rss\ mac/.xcode-derived-data/RSSReaderApp-egzdqkuxvbbwfzdqleixixxxsvfv/SourcePackages/checkouts/swift-system/Sources/CSystem/include -Xcc -I/Volumes/BackUP\ /My\ projects\ 2/rss/rss\ mac/.xcode-derived-data/RSSReaderApp-egzdqkuxvbbwfzdqleixixxxsvfv/SourcePackages/checkouts/async-http-client/Sources/CAsyncHTTPClient/include -Xcc -I/Volumes/BackUP\ /My\ projects\ 2/rss/rss\ mac/.xcode-derived-data/RSSReaderApp-egzdqkuxvbbwfzdqleixixxxsvfv/SourcePackages/checkouts/swift-nio/Sources/CNIOLLHTTP/include -Xcc -I/Volumes/BackUP\ /My\ projects\ 2/rss/rss\ mac/.xcode-derived-data/RSSReaderApp-egzdqkuxvbbwfzdqleixixxxsvfv/SourcePackages/checkouts/swift-nio/Sources/CNIOPosix/include -Xcc -I/Volumes/BackUP\ /My\ projects\ 2/rss/rss\ mac/.xcode-derived-data/RSSReaderApp-egzdqkuxvbbwfzdqleixixxxsvfv/SourcePackages/checkouts/swift-nio/Sources/CNIOWASI/include -Xcc -I/Volumes/BackUP\ /My\ projects\ 2/rss/rss\ mac/.xcode-derived-data/RSSReaderApp-egzdqkuxvbbwfzdqleixixxxsvfv/SourcePackages/checkouts/swift-nio/Sources/CNIOWindows/include -Xcc -I/Volumes/BackUP\ /My\ projects\ 2/rss/rss\ mac/.xcode-derived-data/RSSReaderApp-egzdqkuxvbbwfzdqleixixxxsvfv/SourcePackages/checkouts/swift-nio/Sources/CNIOLinux/include -Xcc -I/Volumes/BackUP\ /My\ projects\ 2/rss/rss\ mac/.xcode-derived-data/RSSReaderApp-egzdqkuxvbbwfzdqleixixxxsvfv/SourcePackages/checkouts/swift-nio/Sources/CNIODarwin/include -Xcc -I/Volumes/BackUP\ /My\ projects\ 2/rss/rss\ mac/.xcode-derived-data/RSSReaderApp-egzdqkuxvbbwfzdqleixixxxsvfv/SourcePackages/checkouts/swift-nio/Sources/CNIOOpenBSD/include -Xcc -I/Volumes/BackUP\ /My\ projects\ 2/rss/rss\ mac/.xcode-derived-data/RSSReaderApp-egzdqkuxvbbwfzdqleixixxxsvfv/SourcePackages/checkouts/swift-nio/Sources/CNIOAtomics/include -Xcc -I/Volumes/BackUP\ /My\ projects\ 2/rss/rss\ mac/.xcode-derived-data/RSSReaderApp-egzdqkuxvbbwfzdqleixixxxsvfv/SourcePackages/checkouts/swift-atomics/Sources/_AtomicsShims/include -Xcc -I/Volumes/BackUP\ /My\ projects\ 2/rss/rss\ mac/.xcode-derived-data/RSSReaderApp-egzdqkuxvbbwfzdqleixixxxsvfv/SourcePackages/checkouts/swift-numerics/Sources/_NumericsShims/include -Xcc -I/Volumes/BackUP\ /My\ projects\ 2/rss/rss\ mac/.xcode-derived-data/RSSReaderApp-egzdqkuxvbbwfzdqleixixxxsvfv/SourcePackages/checkouts/mlx-swift/Source/Cmlx/include -Xcc -I/Volumes/BackUP\ /My\ projects\ 2/rss/rss\ mac/.xcode-derived-data/RSSReaderApp-egzdqkuxvbbwfzdqleixixxxsvfv/SourcePackages/checkouts/yyjson/src -Xcc -I/Volumes/BackUP\ /My\ projects\ 2/rss/rss\ mac/.xcode-derived-data/Build/Products/Debug/include -Xcc -I/Volumes/BackUP\ /My\ projects\ 2/rss/rss\ mac/.xcode-derived-data/Build/Intermediates.noindex/RSSReaderApp.build/Debug/RSSReaderApp\ \(macOS\).build/DerivedSources-normal/arm64 -Xcc -I/Volumes/BackUP\ /My\ projects\ 2/rss/rss\ mac/.xcode-derived-data/Build/Intermediates.noindex/RSSReaderApp.build/Debug/RSSReaderApp\ \(macOS\).build/DerivedSources/arm64 -Xcc -I/Volumes/BackUP\ /My\ projects\ 2/rss/rss\ mac/.xcode-derived-data/Build/Intermediates.noindex/RSSReaderApp.build/Debug/RSSReaderApp\ \(macOS\).build/DerivedSources -Xcc -DDEBUG\=1 -emit-objc-header -emit-objc-header-path /Volumes/BackUP\ /My\ projects\ 2/rss/rss\ mac/.xcode-derived-data/Build/Intermediates.noindex/RSSReaderApp.build/Debug/RSSReaderApp\ \(macOS\).build/Objects-normal/arm64/RSSReaderApp-Swift.h -working-directory /Volumes/Back\ up\ 3/rss\ latest/rss\ mac -experimental-emit-module-separately -disable-cmo

Copy /Volumes/BackUP\ /My\ projects\ 2/rss/rss\ mac/.xcode-derived-data/Build/Products/Debug/RSSReaderApp.swiftmodule/arm64-apple-macos.abi.json /Volumes/BackUP\ /My\ projects\ 2/rss/rss\ mac/.xcode-derived-data/Build/Intermediates.noindex/RSSReaderApp.build/Debug/RSSReaderApp\ (macOS).build/Objects-normal/arm64/RSSReaderApp.abi.json (in target 'RSSReaderApp (macOS)' from project 'RSSReaderApp')
    cd /Volumes/Back\ up\ 3/rss\ latest/rss\ mac
    builtin-copy -exclude .DS_Store -exclude CVS -exclude .svn -exclude .git -exclude .hg -resolve-src-symlinks -rename /Volumes/BackUP\ /My\ projects\ 2/rss/rss\ mac/.xcode-derived-data/Build/Intermediates.noindex/RSSReaderApp.build/Debug/RSSReaderApp\ \(macOS\).build/Objects-normal/arm64/RSSReaderApp.abi.json /Volumes/BackUP\ /My\ projects\ 2/rss/rss\ mac/.xcode-derived-data/Build/Products/Debug/RSSReaderApp.swiftmodule/arm64-apple-macos.abi.json

Copy /Volumes/BackUP\ /My\ projects\ 2/rss/rss\ mac/.xcode-derived-data/Build/Products/Debug/RSSReaderApp.swiftmodule/Project/arm64-apple-macos.swiftsourceinfo /Volumes/BackUP\ /My\ projects\ 2/rss/rss\ mac/.xcode-derived-data/Build/Intermediates.noindex/RSSReaderApp.build/Debug/RSSReaderApp\ (macOS).build/Objects-normal/arm64/RSSReaderApp.swiftsourceinfo (in target 'RSSReaderApp (macOS)' from project 'RSSReaderApp')
    cd /Volumes/Back\ up\ 3/rss\ latest/rss\ mac
    builtin-copy -exclude .DS_Store -exclude CVS -exclude .svn -exclude .git -exclude .hg -resolve-src-symlinks -rename /Volumes/BackUP\ /My\ projects\ 2/rss/rss\ mac/.xcode-derived-data/Build/Intermediates.noindex/RSSReaderApp.build/Debug/RSSReaderApp\ \(macOS\).build/Objects-normal/arm64/RSSReaderApp.swiftsourceinfo /Volumes/BackUP\ /My\ projects\ 2/rss/rss\ mac/.xcode-derived-data/Build/Products/Debug/RSSReaderApp.swiftmodule/Project/arm64-apple-macos.swiftsourceinfo

Copy /Volumes/BackUP\ /My\ projects\ 2/rss/rss\ mac/.xcode-derived-data/Build/Products/Debug/RSSReaderApp.swiftmodule/arm64-apple-macos.swiftmodule /Volumes/BackUP\ /My\ projects\ 2/rss/rss\ mac/.xcode-derived-data/Build/Intermediates.noindex/RSSReaderApp.build/Debug/RSSReaderApp\ (macOS).build/Objects-normal/arm64/RSSReaderApp.swiftmodule (in target 'RSSReaderApp (macOS)' from project 'RSSReaderApp')
    cd /Volumes/Back\ up\ 3/rss\ latest/rss\ mac
    builtin-copy -exclude .DS_Store -exclude CVS -exclude .svn -exclude .git -exclude .hg -resolve-src-symlinks -rename /Volumes/BackUP\ /My\ projects\ 2/rss/rss\ mac/.xcode-derived-data/Build/Intermediates.noindex/RSSReaderApp.build/Debug/RSSReaderApp\ \(macOS\).build/Objects-normal/arm64/RSSReaderApp.swiftmodule /Volumes/BackUP\ /My\ projects\ 2/rss/rss\ mac/.xcode-derived-data/Build/Products/Debug/RSSReaderApp.swiftmodule/arm64-apple-macos.swiftmodule

Ld /Volumes/BackUP\ /My\ projects\ 2/rss/rss\ mac/.xcode-derived-data/Build/Products/Debug/RSSReaderApp.app/Contents/MacOS/RSSReaderApp.debug.dylib normal (in target 'RSSReaderApp (macOS)' from project 'RSSReaderApp')
    cd /Volumes/Back\ up\ 3/rss\ latest/rss\ mac
    /Applications/Xcode.app/Contents/Developer/Toolchains/XcodeDefault.xctoolchain/usr/bin/clang -Xlinker -reproducible -target arm64-apple-macos26.0 -dynamiclib -isysroot /Applications/Xcode.app/Contents/Developer/Platforms/MacOSX.platform/Developer/SDKs/MacOSX26.4.sdk -O0 -L/Volumes/BackUP\ /My\ projects\ 2/rss/rss\ mac/.xcode-derived-data/Build/Intermediates.noindex/EagerLinkingTBDs/Debug -L/Volumes/BackUP\ /My\ projects\ 2/rss/rss\ mac/.xcode-derived-data/Build/Products/Debug -F/Volumes/BackUP\ /My\ projects\ 2/rss/rss\ mac/.xcode-derived-data/Build/Intermediates.noindex/EagerLinkingTBDs/Debug -F/Volumes/BackUP\ /My\ projects\ 2/rss/rss\ mac/.xcode-derived-data/Build/Products/Debug/PackageFrameworks -F/Volumes/BackUP\ /My\ projects\ 2/rss/rss\ mac/.xcode-derived-data/Build/Products/Debug/PackageFrameworks -F/Volumes/BackUP\ /My\ projects\ 2/rss/rss\ mac/.xcode-derived-data/Build/Products/Debug/PackageFrameworks -F/Volumes/BackUP\ /My\ projects\ 2/rss/rss\ mac/.xcode-derived-data/Build/Products/Debug/PackageFrameworks -F/Volumes/BackUP\ /My\ projects\ 2/rss/rss\ mac/.xcode-derived-data/Build/Products/Debug/PackageFrameworks -F/Volumes/BackUP\ /My\ projects\ 2/rss/rss\ mac/.xcode-derived-data/Build/Products/Debug/PackageFrameworks -F/Volumes/BackUP\ /My\ projects\ 2/rss/rss\ mac/.xcode-derived-data/Build/Products/Debug/PackageFrameworks -F/Volumes/BackUP\ /My\ projects\ 2/rss/rss\ mac/.xcode-derived-data/Build/Products/Debug/PackageFrameworks -F/Volumes/BackUP\ /My\ projects\ 2/rss/rss\ mac/.xcode-derived-data/Build/Products/Debug/PackageFrameworks -F/Volumes/BackUP\ /My\ projects\ 2/rss/rss\ mac/.xcode-derived-data/Build/Products/Debug/PackageFrameworks -F/Volumes/BackUP\ /My\ projects\ 2/rss/rss\ mac/.xcode-derived-data/Build/Products/Debug/PackageFrameworks -F/Volumes/BackUP\ /My\ projects\ 2/rss/rss\ mac/.xcode-derived-data/Build/Products/Debug/PackageFrameworks -F/Volumes/BackUP\ /My\ projects\ 2/rss/rss\ mac/.xcode-derived-data/Build/Products/Debug/PackageFrameworks -F/Volumes/BackUP\ /My\ projects\ 2/rss/rss\ mac/.xcode-derived-data/Build/Products/Debug/PackageFrameworks -F/Volumes/BackUP\ /My\ projects\ 2/rss/rss\ mac/.xcode-derived-data/Build/Products/Debug/PackageFrameworks -F/Volumes/BackUP\ /My\ projects\ 2/rss/rss\ mac/.xcode-derived-data/Build/Products/Debug/PackageFrameworks -F/Volumes/BackUP\ /My\ projects\ 2/rss/rss\ mac/.xcode-derived-data/Build/Products/Debug/PackageFrameworks -F/Volumes/BackUP\ /My\ projects\ 2/rss/rss\ mac/.xcode-derived-data/Build/Products/Debug/PackageFrameworks -F/Volumes/BackUP\ /My\ projects\ 2/rss/rss\ mac/.xcode-derived-data/Build/Products/Debug/PackageFrameworks -F/Volumes/BackUP\ /My\ projects\ 2/rss/rss\ mac/.xcode-derived-data/Build/Products/Debug/PackageFrameworks -F/Volumes/BackUP\ /My\ projects\ 2/rss/rss\ mac/.xcode-derived-data/Build/Products/Debug/PackageFrameworks -F/Volumes/BackUP\ /My\ projects\ 2/rss/rss\ mac/.xcode-derived-data/Build/Products/Debug/PackageFrameworks -F/Volumes/BackUP\ /My\ projects\ 2/rss/rss\ mac/.xcode-derived-data/Build/Products/Debug/PackageFrameworks -F/Volumes/BackUP\ /My\ projects\ 2/rss/rss\ mac/.xcode-derived-data/Build/Products/Debug/PackageFrameworks -F/Volumes/BackUP\ /My\ projects\ 2/rss/rss\ mac/.xcode-derived-data/Build/Products/Debug/PackageFrameworks -F/Volumes/BackUP\ /My\ projects\ 2/rss/rss\ mac/.xcode-derived-data/Build/Products/Debug/PackageFrameworks -F/Volumes/BackUP\ /My\ projects\ 2/rss/rss\ mac/.xcode-derived-data/Build/Products/Debug/PackageFrameworks -F/Volumes/BackUP\ /My\ projects\ 2/rss/rss\ mac/.xcode-derived-data/Build/Products/Debug/PackageFrameworks -F/Volumes/BackUP\ /My\ projects\ 2/rss/rss\ mac/.xcode-derived-data/Build/Products/Debug/PackageFrameworks -F/Volumes/BackUP\ /My\ projects\ 2/rss/rss\ mac/.xcode-derived-data/Build/Products/Debug/PackageFrameworks -F/Volumes/BackUP\ /My\ projects\ 2/rss/rss\ mac/.xcode-derived-data/Build/Products/Debug/PackageFrameworks -F/Volumes/BackUP\ /My\ projects\ 2/rss/rss\ mac/.xcode-derived-data/Build/Products/Debug/PackageFrameworks -F/Volumes/BackUP\ /My\ projects\ 2/rss/rss\ mac/.xcode-derived-data/Build/Products/Debug/PackageFrameworks -F/Volumes/BackUP\ /My\ projects\ 2/rss/rss\ mac/.xcode-derived-data/Build/Products/Debug/PackageFrameworks -F/Volumes/BackUP\ /My\ projects\ 2/rss/rss\ mac/.xcode-derived-data/Build/Products/Debug/PackageFrameworks -F/Volumes/BackUP\ /My\ projects\ 2/rss/rss\ mac/.xcode-derived-data/Build/Products/Debug/PackageFrameworks -F/Volumes/BackUP\ /My\ projects\ 2/rss/rss\ mac/.xcode-derived-data/Build/Products/Debug/PackageFrameworks -F/Volumes/BackUP\ /My\ projects\ 2/rss/rss\ mac/.xcode-derived-data/Build/Products/Debug/PackageFrameworks -F/Volumes/BackUP\ /My\ projects\ 2/rss/rss\ mac/.xcode-derived-data/Build/Products/Debug/PackageFrameworks -F/Volumes/BackUP\ /My\ projects\ 2/rss/rss\ mac/.xcode-derived-data/Build/Products/Debug/PackageFrameworks -F/Volumes/BackUP\ /My\ projects\ 2/rss/rss\ mac/.xcode-derived-data/Build/Products/Debug/PackageFrameworks -F/Volumes/BackUP\ /My\ projects\ 2/rss/rss\ mac/.xcode-derived-data/Build/Products/Debug/PackageFrameworks -F/Volumes/BackUP\ /My\ projects\ 2/rss/rss\ mac/.xcode-derived-data/Build/Products/Debug/PackageFrameworks -F/Volumes/BackUP\ /My\ projects\ 2/rss/rss\ mac/.xcode-derived-data/Build/Products/Debug/PackageFrameworks -F/Volumes/BackUP\ /My\ projects\ 2/rss/rss\ mac/.xcode-derived-data/Build/Products/Debug/PackageFrameworks -F/Volumes/BackUP\ /My\ projects\ 2/rss/rss\ mac/.xcode-derived-data/Build/Products/Debug/PackageFrameworks -F/Volumes/BackUP\ /My\ projects\ 2/rss/rss\ mac/.xcode-derived-data/Build/Products/Debug/PackageFrameworks -F/Volumes/BackUP\ /My\ projects\ 2/rss/rss\ mac/.xcode-derived-data/Build/Products/Debug/PackageFrameworks -F/Volumes/BackUP\ /My\ projects\ 2/rss/rss\ mac/.xcode-derived-data/Build/Products/Debug/PackageFrameworks -F/Volumes/BackUP\ /My\ projects\ 2/rss/rss\ mac/.xcode-derived-data/Build/Products/Debug/PackageFrameworks -F/Volumes/BackUP\ /My\ projects\ 2/rss/rss\ mac/.xcode-derived-data/Build/Products/Debug/PackageFrameworks -F/Volumes/BackUP\ /My\ projects\ 2/rss/rss\ mac/.xcode-derived-data/Build/Products/Debug/PackageFrameworks -F/Volumes/BackUP\ /My\ projects\ 2/rss/rss\ mac/.xcode-derived-data/Build/Products/Debug/PackageFrameworks -F/Volumes/BackUP\ /My\ projects\ 2/rss/rss\ mac/.xcode-derived-data/Build/Products/Debug/PackageFrameworks -F/Volumes/BackUP\ /My\ projects\ 2/rss/rss\ mac/.xcode-derived-data/Build/Products/Debug/PackageFrameworks -F/Volumes/BackUP\ /My\ projects\ 2/rss/rss\ mac/.xcode-derived-data/Build/Products/Debug/PackageFrameworks -F/Volumes/BackUP\ /My\ projects\ 2/rss/rss\ mac/.xcode-derived-data/Build/Products/Debug/PackageFrameworks -F/Volumes/BackUP\ /My\ projects\ 2/rss/rss\ mac/.xcode-derived-data/Build/Products/Debug/PackageFrameworks -F/Volumes/BackUP\ /My\ projects\ 2/rss/rss\ mac/.xcode-derived-data/Build/Products/Debug/PackageFrameworks -F/Volumes/BackUP\ /My\ projects\ 2/rss/rss\ mac/.xcode-derived-data/Build/Products/Debug/PackageFrameworks -F/Volumes/BackUP\ /My\ projects\ 2/rss/rss\ mac/.xcode-derived-data/Build/Products/Debug/PackageFrameworks -F/Volumes/BackUP\ /My\ projects\ 2/rss/rss\ mac/.xcode-derived-data/Build/Products/Debug/PackageFrameworks -F/Volumes/BackUP\ /My\ projects\ 2/rss/rss\ mac/.xcode-derived-data/Build/Products/Debug/PackageFrameworks -F/Volumes/BackUP\ /My\ projects\ 2/rss/rss\ mac/.xcode-derived-data/Build/Products/Debug/PackageFrameworks -F/Volumes/BackUP\ /My\ projects\ 2/rss/rss\ mac/.xcode-derived-data/Build/Products/Debug/PackageFrameworks -F/Volumes/BackUP\ /My\ projects\ 2/rss/rss\ mac/.xcode-derived-data/Build/Products/Debug/PackageFrameworks -F/Volumes/BackUP\ /My\ projects\ 2/rss/rss\ mac/.xcode-derived-data/Build/Products/Debug/PackageFrameworks -F/Volumes/BackUP\ /My\ projects\ 2/rss/rss\ mac/.xcode-derived-data/Build/Products/Debug/PackageFrameworks -F/Volumes/BackUP\ /My\ projects\ 2/rss/rss\ mac/.xcode-derived-data/Build/Products/Debug/PackageFrameworks -F/Volumes/BackUP\ /My\ projects\ 2/rss/rss\ mac/.xcode-derived-data/Build/Products/Debug -filelist /Volumes/BackUP\ /My\ projects\ 2/rss/rss\ mac/.xcode-derived-data/Build/Intermediates.noindex/RSSReaderApp.build/Debug/RSSReaderApp\ \(macOS\).build/Objects-normal/arm64/RSSReaderApp.LinkFileList -install_name @rpath/RSSReaderApp.debug.dylib -Xlinker -rpath -Xlinker /Volumes/BackUP\ /My\ projects\ 2/rss/rss\ mac/.xcode-derived-data/Build/Products/Debug/PackageFrameworks -Xlinker -rpath -Xlinker @executable_path/../Frameworks -Xlinker -dead_strip -Xlinker -object_path_lto -Xlinker /Volumes/BackUP\ /My\ projects\ 2/rss/rss\ mac/.xcode-derived-data/Build/Intermediates.noindex/RSSReaderApp.build/Debug/RSSReaderApp\ \(macOS\).build/Objects-normal/arm64/RSSReaderApp_lto.o -rdynamic -Xlinker -no_deduplicate -Xlinker -dependency_info -Xlinker /Volumes/BackUP\ /My\ projects\ 2/rss/rss\ mac/.xcode-derived-data/Build/Intermediates.noindex/RSSReaderApp.build/Debug/RSSReaderApp\ \(macOS\).build/Objects-normal/arm64/RSSReaderApp_dependency_info.dat -fobjc-link-runtime -L/Applications/Xcode.app/Contents/Developer/Toolchains/XcodeDefault.xctoolchain/usr/lib/swift/macosx -L/usr/lib/swift -Xlinker -add_ast_path -Xlinker /Volumes/BackUP\ /My\ projects\ 2/rss/rss\ mac/.xcode-derived-data/Build/Intermediates.noindex/RSSReaderApp.build/Debug/RSSReaderApp\ \(macOS\).build/Objects-normal/arm64/RSSReaderApp.swiftmodule -Wl,-no_warn_duplicate_libraries -Wl,-no_warn_duplicate_libraries -Wl,-no_warn_duplicate_libraries -Wl,-no_warn_duplicate_libraries -Wl,-no_warn_duplicate_libraries -lc++ -Wl,-no_warn_duplicate_libraries -Wl,-no_warn_duplicate_libraries -Wl,-no_warn_duplicate_libraries -Wl,-no_warn_duplicate_libraries -Wl,-no_warn_duplicate_libraries -Wl,-no_warn_duplicate_libraries -Wl,-no_warn_duplicate_libraries -Wl,-no_warn_duplicate_libraries -Wl,-no_warn_duplicate_libraries -Wl,-no_warn_duplicate_libraries -Wl,-no_warn_duplicate_libraries -Wl,-no_warn_duplicate_libraries -Wl,-no_warn_duplicate_libraries -Wl,-no_warn_duplicate_libraries -Wl,-no_warn_duplicate_libraries -Wl,-no_warn_duplicate_libraries -Wl,-no_warn_duplicate_libraries -Wl,-no_warn_duplicate_libraries -Wl,-no_warn_duplicate_libraries -Wl,-no_warn_duplicate_libraries -Wl,-no_warn_duplicate_libraries -Wl,-no_warn_duplicate_libraries -Wl,-no_warn_duplicate_libraries -Wl,-no_warn_duplicate_libraries -Wl,-no_warn_duplicate_libraries -Wl,-no_warn_duplicate_libraries -Wl,-no_warn_duplicate_libraries -Wl,-no_warn_duplicate_libraries -Wl,-no_warn_duplicate_libraries -Wl,-no_warn_duplicate_libraries -Wl,-no_warn_duplicate_libraries -Wl,-no_warn_duplicate_libraries -Wl,-no_warn_duplicate_libraries -Wl,-no_warn_duplicate_libraries -Wl,-no_warn_duplicate_libraries -Wl,-no_warn_duplicate_libraries -Wl,-no_warn_duplicate_libraries -Wl,-no_warn_duplicate_libraries -Wl,-no_warn_duplicate_libraries -Wl,-no_warn_duplicate_libraries -Wl,-no_warn_duplicate_libraries -Wl,-no_warn_duplicate_libraries -Wl,-no_warn_duplicate_libraries -Wl,-no_warn_duplicate_libraries -Wl,-no_warn_duplicate_libraries -Wl,-no_warn_duplicate_libraries -Wl,-no_warn_duplicate_libraries -Wl,-no_warn_duplicate_libraries -Wl,-no_warn_duplicate_libraries -Wl,-no_warn_duplicate_libraries -lc++ -Wl,-no_warn_duplicate_libraries -Wl,-no_warn_duplicate_libraries -Wl,-no_warn_duplicate_libraries -Wl,-no_warn_duplicate_libraries -Wl,-no_warn_duplicate_libraries -Wl,-no_warn_duplicate_libraries -Wl,-no_warn_duplicate_libraries -Wl,-no_warn_duplicate_libraries -Wl,-no_warn_duplicate_libraries -Wl,-no_warn_duplicate_libraries -Wl,-no_warn_duplicate_libraries -Wl,-no_warn_duplicate_libraries -Wl,-no_warn_duplicate_libraries -Wl,-no_warn_duplicate_libraries -framework Foundation -framework Metal -framework Accelerate -Xlinker -alias -Xlinker _main -Xlinker ___debug_main_executable_dylib_entry_point -Xlinker -no_adhoc_codesign -o /Volumes/BackUP\ /My\ projects\ 2/rss/rss\ mac/.xcode-derived-data/Build/Products/Debug/RSSReaderApp.app/Contents/MacOS/RSSReaderApp.debug.dylib -Xlinker -add_ast_path -Xlinker /Volumes/BackUP\ /My\ projects\ 2/rss/rss\ mac/.xcode-derived-data/Build/Intermediates.noindex/mlx-swift-lm.build/Debug/MLXLLM.build/Objects-normal/arm64/MLXLLM.swiftmodule @/Volumes/BackUP\ /My\ projects\ 2/rss/rss\ mac/.xcode-derived-data/Build/Intermediates.noindex/mlx-swift-lm.build/Debug/MLXLLM.build/Objects-normal/arm64/MLXLLM-linker-args.resp -Xlinker -add_ast_path -Xlinker /Volumes/BackUP\ /My\ projects\ 2/rss/rss\ mac/.xcode-derived-data/Build/Intermediates.noindex/mlx-swift.build/Debug/MLX.build/Objects-normal/arm64/MLX.swiftmodule @/Volumes/BackUP\ /My\ projects\ 2/rss/rss\ mac/.xcode-derived-data/Build/Intermediates.noindex/mlx-swift.build/Debug/MLX.build/Objects-normal/arm64/MLX-linker-args.resp -Xlinker -add_ast_path -Xlinker /Volumes/BackUP\ /My\ projects\ 2/rss/rss\ mac/.xcode-derived-data/Build/Intermediates.noindex/swift-numerics.build/Debug/Numerics.build/Objects-normal/arm64/Numerics.swiftmodule @/Volumes/BackUP\ /My\ projects\ 2/rss/rss\ mac/.xcode-derived-data/Build/Intermediates.noindex/swift-numerics.build/Debug/Numerics.build/Objects-normal/arm64/Numerics-linker-args.resp -Xlinker -add_ast_path -Xlinker /Volumes/BackUP\ /My\ projects\ 2/rss/rss\ mac/.xcode-derived-data/Build/Intermediates.noindex/swift-numerics.build/Debug/RealModule.build/Objects-normal/arm64/RealModule.swiftmodule @/Volumes/BackUP\ /My\ projects\ 2/rss/rss\ mac/.xcode-derived-data/Build/Intermediates.noindex/swift-numerics.build/Debug/RealModule.build/Objects-normal/arm64/RealModule-linker-args.resp -Xlinker -add_ast_path -Xlinker /Volumes/BackUP\ /My\ projects\ 2/rss/rss\ mac/.xcode-derived-data/Build/Intermediates.noindex/swift-numerics.build/Debug/ComplexModule.build/Objects-normal/arm64/ComplexModule.swiftmodule @/Volumes/BackUP\ /My\ projects\ 2/rss/rss\ mac/.xcode-derived-data/Build/Intermediates.noindex/swift-numerics.build/Debug/ComplexModule.build/Objects-normal/arm64/ComplexModule-linker-args.resp -Xlinker -add_ast_path -Xlinker /Volumes/BackUP\ /My\ projects\ 2/rss/rss\ mac/.xcode-derived-data/Build/Intermediates.noindex/mlx-swift.build/Debug/MLXNN.build/Objects-normal/arm64/MLXNN.swiftmodule @/Volumes/BackUP\ /My\ projects\ 2/rss/rss\ mac/.xcode-derived-data/Build/Intermediates.noindex/mlx-swift.build/Debug/MLXNN.build/Objects-normal/arm64/MLXNN-linker-args.resp -Xlinker -add_ast_path -Xlinker /Volumes/BackUP\ /My\ projects\ 2/rss/rss\ mac/.xcode-derived-data/Build/Intermediates.noindex/mlx-swift.build/Debug/MLXOptimizers.build/Objects-normal/arm64/MLXOptimizers.swiftmodule @/Volumes/BackUP\ /My\ projects\ 2/rss/rss\ mac/.xcode-derived-data/Build/Intermediates.noindex/mlx-swift.build/Debug/MLXOptimizers.build/Objects-normal/arm64/MLXOptimizers-linker-args.resp -Xlinker -add_ast_path -Xlinker /Volumes/BackUP\ /My\ projects\ 2/rss/rss\ mac/.xcode-derived-data/Build/Intermediates.noindex/swift-transformers.build/Debug/Tokenizers.build/Objects-normal/arm64/Tokenizers.swiftmodule @/Volumes/BackUP\ /My\ projects\ 2/rss/rss\ mac/.xcode-derived-data/Build/Intermediates.noindex/swift-transformers.build/Debug/Tokenizers.build/Objects-normal/arm64/Tokenizers-linker-args.resp -Xlinker -add_ast_path -Xlinker /Volumes/BackUP\ /My\ projects\ 2/rss/rss\ mac/.xcode-derived-data/Build/Intermediates.noindex/swift-transformers.build/Debug/Generation.build/Objects-normal/arm64/Generation.swiftmodule @/Volumes/BackUP\ /My\ projects\ 2/rss/rss\ mac/.xcode-derived-data/Build/Intermediates.noindex/swift-transformers.build/Debug/Generation.build/Objects-normal/arm64/Generation-linker-args.resp -Xlinker -add_ast_path -Xlinker /Volumes/BackUP\ /My\ projects\ 2/rss/rss\ mac/.xcode-derived-data/Build/Intermediates.noindex/swift-transformers.build/Debug/Models.build/Objects-normal/arm64/Models.swiftmodule @/Volumes/BackUP\ /My\ projects\ 2/rss/rss\ mac/.xcode-derived-data/Build/Intermediates.noindex/swift-transformers.build/Debug/Models.build/Objects-normal/arm64/Models-linker-args.resp -Xlinker -add_ast_path -Xlinker /Volumes/BackUP\ /My\ projects\ 2/rss/rss\ mac/.xcode-derived-data/Build/Intermediates.noindex/Jinja.build/Debug/Jinja.build/Objects-normal/arm64/Jinja.swiftmodule @/Volumes/BackUP\ /My\ projects\ 2/rss/rss\ mac/.xcode-derived-data/Build/Intermediates.noindex/Jinja.build/Debug/Jinja.build/Objects-normal/arm64/Jinja-linker-args.resp -Xlinker -add_ast_path -Xlinker /Volumes/BackUP\ /My\ projects\ 2/rss/rss\ mac/.xcode-derived-data/Build/Intermediates.noindex/swift-collections.build/Debug/OrderedCollections.build/Objects-normal/arm64/OrderedCollections.swiftmodule @/Volumes/BackUP\ /My\ projects\ 2/rss/rss\ mac/.xcode-derived-data/Build/Intermediates.noindex/swift-collections.build/Debug/OrderedCollections.build/Objects-normal/arm64/OrderedCollections-linker-args.resp -Xlinker -add_ast_path -Xlinker /Volumes/BackUP\ /My\ projects\ 2/rss/rss\ mac/.xcode-derived-data/Build/Intermediates.noindex/swift-collections.build/Debug/InternalCollectionsUtilities.build/Objects-normal/arm64/InternalCollectionsUtilities.swiftmodule @/Volumes/BackUP\ /My\ projects\ 2/rss/rss\ mac/.xcode-derived-data/Build/Intermediates.noindex/swift-collections.build/Debug/InternalCollectionsUtilities.build/Objects-normal/arm64/InternalCollectionsUtilities-linker-args.resp -Xlinker -add_ast_path -Xlinker /Volumes/BackUP\ /My\ projects\ 2/rss/rss\ mac/.xcode-derived-data/Build/Intermediates.noindex/swift-crypto.build/Debug/Crypto.build/Objects-normal/arm64/Crypto.swiftmodule @/Volumes/BackUP\ /My\ projects\ 2/rss/rss\ mac/.xcode-derived-data/Build/Intermediates.noindex/swift-crypto.build/Debug/Crypto.build/Objects-normal/arm64/Crypto-linker-args.resp -Xlinker -add_ast_path -Xlinker /Volumes/BackUP\ /My\ projects\ 2/rss/rss\ mac/.xcode-derived-data/Build/Intermediates.noindex/swift-transformers.build/Debug/Hub.build/Objects-normal/arm64/Hub.swiftmodule @/Volumes/BackUP\ /My\ projects\ 2/rss/rss\ mac/.xcode-derived-data/Build/Intermediates.noindex/swift-transformers.build/Debug/Hub.build/Objects-normal/arm64/Hub-linker-args.resp -Xlinker -add_ast_path -Xlinker /Volumes/BackUP\ /My\ projects\ 2/rss/rss\ mac/.xcode-derived-data/Build/Intermediates.noindex/mlx-swift-lm.build/Debug/MLXLMCommon.build/Objects-normal/arm64/MLXLMCommon.swiftmodule @/Volumes/BackUP\ /My\ projects\ 2/rss/rss\ mac/.xcode-derived-data/Build/Intermediates.noindex/mlx-swift-lm.build/Debug/MLXLMCommon.build/Objects-normal/arm64/MLXLMCommon-linker-args.resp -Xlinker -add_ast_path -Xlinker /Volumes/BackUP\ /My\ projects\ 2/rss/rss\ mac/.xcode-derived-data/Build/Intermediates.noindex/MLXAudio.build/Debug/MLXAudioCore.build/Objects-normal/arm64/MLXAudioCore.swiftmodule @/Volumes/BackUP\ /My\ projects\ 2/rss/rss\ mac/.xcode-derived-data/Build/Intermediates.noindex/MLXAudio.build/Debug/MLXAudioCore.build/Objects-normal/arm64/MLXAudioCore-linker-args.resp -Xlinker -add_ast_path -Xlinker /Volumes/BackUP\ /My\ projects\ 2/rss/rss\ mac/.xcode-derived-data/Build/Intermediates.noindex/swift-huggingface.build/Debug/HuggingFace.build/Objects-normal/arm64/HuggingFace.swiftmodule @/Volumes/BackUP\ /My\ projects\ 2/rss/rss\ mac/.xcode-derived-data/Build/Intermediates.noindex/swift-huggingface.build/Debug/HuggingFace.build/Objects-normal/arm64/HuggingFace-linker-args.resp -Xlinker -add_ast_path -Xlinker /Volumes/BackUP\ /My\ projects\ 2/rss/rss\ mac/.xcode-derived-data/Build/Intermediates.noindex/EventSource.build/Debug/EventSource.build/Objects-normal/arm64/EventSource.swiftmodule @/Volumes/BackUP\ /My\ projects\ 2/rss/rss\ mac/.xcode-derived-data/Build/Intermediates.noindex/EventSource.build/Debug/EventSource.build/Objects-normal/arm64/EventSource-linker-args.resp -Xlinker -add_ast_path -Xlinker /Volumes/BackUP\ /My\ projects\ 2/rss/rss\ mac/.xcode-derived-data/Build/Intermediates.noindex/Xet.build/Debug/Xet.build/Objects-normal/arm64/Xet.swiftmodule @/Volumes/BackUP\ /My\ projects\ 2/rss/rss\ mac/.xcode-derived-data/Build/Intermediates.noindex/Xet.build/Debug/Xet.build/Objects-normal/arm64/Xet-linker-args.resp -Xlinker -add_ast_path -Xlinker /Volumes/BackUP\ /My\ projects\ 2/rss/rss\ mac/.xcode-derived-data/Build/Intermediates.noindex/async-http-client.build/Debug/AsyncHTTPClient.build/Objects-normal/arm64/AsyncHTTPClient.swiftmodule @/Volumes/BackUP\ /My\ projects\ 2/rss/rss\ mac/.xcode-derived-data/Build/Intermediates.noindex/async-http-client.build/Debug/AsyncHTTPClient.build/Objects-normal/arm64/AsyncHTTPClient-linker-args.resp -Xlinker -add_ast_path -Xlinker /Volumes/BackUP\ /My\ projects\ 2/rss/rss\ mac/.xcode-derived-data/Build/Intermediates.noindex/swift-nio.build/Debug/NIO.build/Objects-normal/arm64/NIO.swiftmodule @/Volumes/BackUP\ /My\ projects\ 2/rss/rss\ mac/.xcode-derived-data/Build/Intermediates.noindex/swift-nio.build/Debug/NIO.build/Objects-normal/arm64/NIO-linker-args.resp -Xlinker -add_ast_path -Xlinker /Volumes/BackUP\ /My\ projects\ 2/rss/rss\ mac/.xcode-derived-data/Build/Intermediates.noindex/swift-nio.build/Debug/NIOConcurrencyHelpers.build/Objects-normal/arm64/NIOConcurrencyHelpers.swiftmodule @/Volumes/BackUP\ /My\ projects\ 2/rss/rss\ mac/.xcode-derived-data/Build/Intermediates.noindex/swift-nio.build/Debug/NIOConcurrencyHelpers.build/Objects-normal/arm64/NIOConcurrencyHelpers-linker-args.resp -Xlinker -add_ast_path -Xlinker /Volumes/BackUP\ /My\ projects\ 2/rss/rss\ mac/.xcode-derived-data/Build/Intermediates.noindex/swift-nio.build/Debug/_NIOBase64.build/Objects-normal/arm64/_NIOBase64.swiftmodule @/Volumes/BackUP\ /My\ projects\ 2/rss/rss\ mac/.xcode-derived-data/Build/Intermediates.noindex/swift-nio.build/Debug/_NIOBase64.build/Objects-normal/arm64/_NIOBase64-linker-args.resp -Xlinker -add_ast_path -Xlinker /Volumes/BackUP\ /My\ projects\ 2/rss/rss\ mac/.xcode-derived-data/Build/Intermediates.noindex/swift-nio.build/Debug/_NIODataStructures.build/Objects-normal/arm64/_NIODataStructures.swiftmodule @/Volumes/BackUP\ /My\ projects\ 2/rss/rss\ mac/.xcode-derived-data/Build/Intermediates.noindex/swift-nio.build/Debug/_NIODataStructures.build/Objects-normal/arm64/_NIODataStructures-linker-args.resp -Xlinker -add_ast_path -Xlinker /Volumes/BackUP\ /My\ projects\ 2/rss/rss\ mac/.xcode-derived-data/Build/Intermediates.noindex/swift-collections.build/Debug/DequeModule.build/Objects-normal/arm64/DequeModule.swiftmodule @/Volumes/BackUP\ /My\ projects\ 2/rss/rss\ mac/.xcode-derived-data/Build/Intermediates.noindex/swift-collections.build/Debug/DequeModule.build/Objects-normal/arm64/DequeModule-linker-args.resp -Xlinker -add_ast_path -Xlinker /Volumes/BackUP\ /My\ projects\ 2/rss/rss\ mac/.xcode-derived-data/Build/Intermediates.noindex/swift-atomics.build/Debug/Atomics.build/Objects-normal/arm64/Atomics.swiftmodule @/Volumes/BackUP\ /My\ projects\ 2/rss/rss\ mac/.xcode-derived-data/Build/Intermediates.noindex/swift-atomics.build/Debug/Atomics.build/Objects-normal/arm64/Atomics-linker-args.resp -Xlinker -add_ast_path -Xlinker /Volumes/BackUP\ /My\ projects\ 2/rss/rss\ mac/.xcode-derived-data/Build/Intermediates.noindex/swift-nio.build/Debug/NIOCore.build/Objects-normal/arm64/NIOCore.swiftmodule @/Volumes/BackUP\ /My\ projects\ 2/rss/rss\ mac/.xcode-derived-data/Build/Intermediates.noindex/swift-nio.build/Debug/NIOCore.build/Objects-normal/arm64/NIOCore-linker-args.resp -Xlinker -add_ast_path -Xlinker /Volumes/BackUP\ /My\ projects\ 2/rss/rss\ mac/.xcode-derived-data/Build/Intermediates.noindex/swift-nio.build/Debug/NIOEmbedded.build/Objects-normal/arm64/NIOEmbedded.swiftmodule @/Volumes/BackUP\ /My\ projects\ 2/rss/rss\ mac/.xcode-derived-data/Build/Intermediates.noindex/swift-nio.build/Debug/NIOEmbedded.build/Objects-normal/arm64/NIOEmbedded-linker-args.resp -Xlinker -add_ast_path -Xlinker /Volumes/BackUP\ /My\ projects\ 2/rss/rss\ mac/.xcode-derived-data/Build/Intermediates.noindex/swift-nio.build/Debug/NIOPosix.build/Objects-normal/arm64/NIOPosix.swiftmodule @/Volumes/BackUP\ /My\ projects\ 2/rss/rss\ mac/.xcode-derived-data/Build/Intermediates.noindex/swift-nio.build/Debug/NIOPosix.build/Objects-normal/arm64/NIOPosix-linker-args.resp -Xlinker -add_ast_path -Xlinker /Volumes/BackUP\ /My\ projects\ 2/rss/rss\ mac/.xcode-derived-data/Build/Intermediates.noindex/swift-nio.build/Debug/NIOTLS.build/Objects-normal/arm64/NIOTLS.swiftmodule @/Volumes/BackUP\ /My\ projects\ 2/rss/rss\ mac/.xcode-derived-data/Build/Intermediates.noindex/swift-nio.build/Debug/NIOTLS.build/Objects-normal/arm64/NIOTLS-linker-args.resp -Xlinker -add_ast_path -Xlinker /Volumes/BackUP\ /My\ projects\ 2/rss/rss\ mac/.xcode-derived-data/Build/Intermediates.noindex/swift-nio.build/Debug/NIOHTTP1.build/Objects-normal/arm64/NIOHTTP1.swiftmodule @/Volumes/BackUP\ /My\ projects\ 2/rss/rss\ mac/.xcode-derived-data/Build/Intermediates.noindex/swift-nio.build/Debug/NIOHTTP1.build/Objects-normal/arm64/NIOHTTP1-linker-args.resp -Xlinker -add_ast_path -Xlinker /Volumes/BackUP\ /My\ projects\ 2/rss/rss\ mac/.xcode-derived-data/Build/Intermediates.noindex/swift-nio-http2.build/Debug/NIOHTTP2.build/Objects-normal/arm64/NIOHTTP2.swiftmodule @/Volumes/BackUP\ /My\ projects\ 2/rss/rss\ mac/.xcode-derived-data/Build/Intermediates.noindex/swift-nio-http2.build/Debug/NIOHTTP2.build/Objects-normal/arm64/NIOHTTP2-linker-args.resp -Xlinker -add_ast_path -Xlinker /Volumes/BackUP\ /My\ projects\ 2/rss/rss\ mac/.xcode-derived-data/Build/Intermediates.noindex/swift-nio-http2.build/Debug/NIOHPACK.build/Objects-normal/arm64/NIOHPACK.swiftmodule @/Volumes/BackUP\ /My\ projects\ 2/rss/rss\ mac/.xcode-derived-data/Build/Intermediates.noindex/swift-nio-http2.build/Debug/NIOHPACK.build/Objects-normal/arm64/NIOHPACK-linker-args.resp -Xlinker -add_ast_path -Xlinker /Volumes/BackUP\ /My\ projects\ 2/rss/rss\ mac/.xcode-derived-data/Build/Intermediates.noindex/swift-nio-ssl.build/Debug/NIOSSL.build/Objects-normal/arm64/NIOSSL.swiftmodule @/Volumes/BackUP\ /My\ projects\ 2/rss/rss\ mac/.xcode-derived-data/Build/Intermediates.noindex/swift-nio-ssl.build/Debug/NIOSSL.build/Objects-normal/arm64/NIOSSL-linker-args.resp -Xlinker -add_ast_path -Xlinker /Volumes/BackUP\ /My\ projects\ 2/rss/rss\ mac/.xcode-derived-data/Build/Intermediates.noindex/swift-nio-extras.build/Debug/NIOHTTPCompression.build/Objects-normal/arm64/NIOHTTPCompression.swiftmodule @/Volumes/BackUP\ /My\ projects\ 2/rss/rss\ mac/.xcode-derived-data/Build/Intermediates.noindex/swift-nio-extras.build/Debug/NIOHTTPCompression.build/Objects-normal/arm64/NIOHTTPCompression-linker-args.resp -Xlinker -add_ast_path -Xlinker /Volumes/BackUP\ /My\ projects\ 2/rss/rss\ mac/.xcode-derived-data/Build/Intermediates.noindex/swift-nio-extras.build/Debug/NIOSOCKS.build/Objects-normal/arm64/NIOSOCKS.swiftmodule @/Volumes/BackUP\ /My\ projects\ 2/rss/rss\ mac/.xcode-derived-data/Build/Intermediates.noindex/swift-nio-extras.build/Debug/NIOSOCKS.build/Objects-normal/arm64/NIOSOCKS-linker-args.resp -Xlinker -add_ast_path -Xlinker /Volumes/BackUP\ /My\ projects\ 2/rss/rss\ mac/.xcode-derived-data/Build/Intermediates.noindex/swift-nio-transport-services.build/Debug/NIOTransportServices.build/Objects-normal/arm64/NIOTransportServices.swiftmodule @/Volumes/BackUP\ /My\ projects\ 2/rss/rss\ mac/.xcode-derived-data/Build/Intermediates.noindex/swift-nio-transport-services.build/Debug/NIOTransportServices.build/Objects-normal/arm64/NIOTransportServices-linker-args.resp -Xlinker -add_ast_path -Xlinker /Volumes/BackUP\ /My\ projects\ 2/rss/rss\ mac/.xcode-derived-data/Build/Intermediates.noindex/swift-nio.build/Debug/NIOFoundationCompat.build/Objects-normal/arm64/NIOFoundationCompat.swiftmodule @/Volumes/BackUP\ /My\ projects\ 2/rss/rss\ mac/.xcode-derived-data/Build/Intermediates.noindex/swift-nio.build/Debug/NIOFoundationCompat.build/Objects-normal/arm64/NIOFoundationCompat-linker-args.resp -Xlinker -add_ast_path -Xlinker /Volumes/BackUP\ /My\ projects\ 2/rss/rss\ mac/.xcode-derived-data/Build/Intermediates.noindex/swift-algorithms.build/Debug/Algorithms.build/Objects-normal/arm64/Algorithms.swiftmodule @/Volumes/BackUP\ /My\ projects\ 2/rss/rss\ mac/.xcode-derived-data/Build/Intermediates.noindex/swift-algorithms.build/Debug/Algorithms.build/Objects-normal/arm64/Algorithms-linker-args.resp -Xlinker -add_ast_path -Xlinker /Volumes/BackUP\ /My\ projects\ 2/rss/rss\ mac/.xcode-derived-data/Build/Intermediates.noindex/swift-configuration.build/Debug/Configuration.build/Objects-normal/arm64/Configuration.swiftmodule @/Volumes/BackUP\ /My\ projects\ 2/rss/rss\ mac/.xcode-derived-data/Build/Intermediates.noindex/swift-configuration.build/Debug/Configuration.build/Objects-normal/arm64/Configuration-linker-args.resp -Xlinker -add_ast_path -Xlinker /Volumes/BackUP\ /My\ projects\ 2/rss/rss\ mac/.xcode-derived-data/Build/Intermediates.noindex/swift-system.build/Debug/SystemPackage.build/Objects-normal/arm64/SystemPackage.swiftmodule @/Volumes/BackUP\ /My\ projects\ 2/rss/rss\ mac/.xcode-derived-data/Build/Intermediates.noindex/swift-system.build/Debug/SystemPackage.build/Objects-normal/arm64/SystemPackage-linker-args.resp -Xlinker -add_ast_path -Xlinker /Volumes/BackUP\ /My\ projects\ 2/rss/rss\ mac/.xcode-derived-data/Build/Intermediates.noindex/swift-log.build/Debug/Logging.build/Objects-normal/arm64/Logging.swiftmodule @/Volumes/BackUP\ /My\ projects\ 2/rss/rss\ mac/.xcode-derived-data/Build/Intermediates.noindex/swift-log.build/Debug/Logging.build/Objects-normal/arm64/Logging-linker-args.resp -Xlinker -add_ast_path -Xlinker /Volumes/BackUP\ /My\ projects\ 2/rss/rss\ mac/.xcode-derived-data/Build/Intermediates.noindex/swift-distributed-tracing.build/Debug/Tracing.build/Objects-normal/arm64/Tracing.swiftmodule @/Volumes/BackUP\ /My\ projects\ 2/rss/rss\ mac/.xcode-derived-data/Build/Intermediates.noindex/swift-distributed-tracing.build/Debug/Tracing.build/Objects-normal/arm64/Tracing-linker-args.resp -Xlinker -add_ast_path -Xlinker /Volumes/BackUP\ /My\ projects\ 2/rss/rss\ mac/.xcode-derived-data/Build/Intermediates.noindex/swift-service-context.build/Debug/ServiceContextModule.build/Objects-normal/arm64/ServiceContextModule.swiftmodule @/Volumes/BackUP\ /My\ projects\ 2/rss/rss\ mac/.xcode-derived-data/Build/Intermediates.noindex/swift-service-context.build/Debug/ServiceContextModule.build/Objects-normal/arm64/ServiceContextModule-linker-args.resp -Xlinker -add_ast_path -Xlinker /Volumes/BackUP\ /My\ projects\ 2/rss/rss\ mac/.xcode-derived-data/Build/Intermediates.noindex/swift-distributed-tracing.build/Debug/Instrumentation.build/Objects-normal/arm64/Instrumentation.swiftmodule @/Volumes/BackUP\ /My\ projects\ 2/rss/rss\ mac/.xcode-derived-data/Build/Intermediates.noindex/swift-distributed-tracing.build/Debug/Instrumentation.build/Objects-normal/arm64/Instrumentation-linker-args.resp -Xlinker -add_ast_path -Xlinker /Volumes/BackUP\ /My\ projects\ 2/rss/rss\ mac/.xcode-derived-data/Build/Intermediates.noindex/MLXAudio.build/Debug/MLXAudioTTS.build/Objects-normal/arm64/MLXAudioTTS.swiftmodule @/Volumes/BackUP\ /My\ projects\ 2/rss/rss\ mac/.xcode-derived-data/Build/Intermediates.noindex/MLXAudio.build/Debug/MLXAudioTTS.build/Objects-normal/arm64/MLXAudioTTS-linker-args.resp -Xlinker -add_ast_path -Xlinker /Volumes/BackUP\ /My\ projects\ 2/rss/rss\ mac/.xcode-derived-data/Build/Intermediates.noindex/MLXAudio.build/Debug/MLXAudioCodecs.build/Objects-normal/arm64/MLXAudioCodecs.swiftmodule @/Volumes/BackUP\ /My\ projects\ 2/rss/rss\ mac/.xcode-derived-data/Build/Intermediates.noindex/MLXAudio.build/Debug/MLXAudioCodecs.build/Objects-normal/arm64/MLXAudioCodecs-linker-args.resp -Xlinker -add_ast_path -Xlinker /Volumes/BackUP\ /My\ projects\ 2/rss/rss\ mac/.xcode-derived-data/Build/Intermediates.noindex/Kingfisher.build/Debug/Kingfisher.build/Objects-normal/arm64/Kingfisher.swiftmodule @/Volumes/BackUP\ /My\ projects\ 2/rss/rss\ mac/.xcode-derived-data/Build/Intermediates.noindex/Kingfisher.build/Debug/Kingfisher.build/Objects-normal/arm64/Kingfisher-linker-args.resp -Xlinker -add_ast_path -Xlinker /Volumes/BackUP\ /My\ projects\ 2/rss/rss\ mac/.xcode-derived-data/Build/Intermediates.noindex/FeedKit.build/Debug/FeedKit.build/Objects-normal/arm64/FeedKit.swiftmodule @/Volumes/BackUP\ /My\ projects\ 2/rss/rss\ mac/.xcode-derived-data/Build/Intermediates.noindex/FeedKit.build/Debug/FeedKit.build/Objects-normal/arm64/FeedKit-linker-args.resp -Xlinker -add_ast_path -Xlinker /Volumes/BackUP\ /My\ projects\ 2/rss/rss\ mac/.xcode-derived-data/Build/Intermediates.noindex/mlx-swift-lm.build/Debug/MLXVLM.build/Objects-normal/arm64/MLXVLM.swiftmodule @/Volumes/BackUP\ /My\ projects\ 2/rss/rss\ mac/.xcode-derived-data/Build/Intermediates.noindex/mlx-swift-lm.build/Debug/MLXVLM.build/Objects-normal/arm64/MLXVLM-linker-args.resp -Xlinker -add_ast_path -Xlinker /Volumes/BackUP\ /My\ projects\ 2/rss/rss\ mac/.xcode-derived-data/Build/Intermediates.noindex/SwiftSoup.build/Debug/SwiftSoup.build/Objects-normal/arm64/SwiftSoup.swiftmodule @/Volumes/BackUP\ /My\ projects\ 2/rss/rss\ mac/.xcode-derived-data/Build/Intermediates.noindex/SwiftSoup.build/Debug/SwiftSoup.build/Objects-normal/arm64/SwiftSoup-linker-args.resp

ConstructStubExecutorLinkFileList /Volumes/BackUP\ /My\ projects\ 2/rss/rss\ mac/.xcode-derived-data/Build/Intermediates.noindex/RSSReaderApp.build/Debug/RSSReaderApp\ (macOS).build/RSSReaderApp-ExecutorLinkFileList-normal-arm64.txt (in target 'RSSReaderApp (macOS)' from project 'RSSReaderApp')
    cd /Volumes/Back\ up\ 3/rss\ latest/rss\ mac
    construct-stub-executor-link-file-list /Volumes/BackUP\ /My\ projects\ 2/rss/rss\ mac/.xcode-derived-data/Build/Products/Debug/RSSReaderApp.app/Contents/MacOS/RSSReaderApp.debug.dylib /Applications/Xcode.app/Contents/Developer/Platforms/MacOSX.platform/Developer/usr/lib/libPreviewsJITStubExecutor_no_swift_entry_point.a /Applications/Xcode.app/Contents/Developer/Platforms/MacOSX.platform/Developer/usr/lib/libPreviewsJITStubExecutor.a --output /Volumes/BackUP\ /My\ projects\ 2/rss/rss\ mac/.xcode-derived-data/Build/Intermediates.noindex/RSSReaderApp.build/Debug/RSSReaderApp\ \(macOS\).build/RSSReaderApp-ExecutorLinkFileList-normal-arm64.txt
note: Using stub executor library with Swift entry point. (in target 'RSSReaderApp (macOS)' from project 'RSSReaderApp')

Ld /Volumes/BackUP\ /My\ projects\ 2/rss/rss\ mac/.xcode-derived-data/Build/Products/Debug/RSSReaderApp.app/Contents/MacOS/RSSReaderApp normal (in target 'RSSReaderApp (macOS)' from project 'RSSReaderApp')
    cd /Volumes/Back\ up\ 3/rss\ latest/rss\ mac
    /Applications/Xcode.app/Contents/Developer/Toolchains/XcodeDefault.xctoolchain/usr/bin/clang -Xlinker -reproducible -target arm64-apple-macos26.0 -isysroot /Applications/Xcode.app/Contents/Developer/Platforms/MacOSX.platform/Developer/SDKs/MacOSX26.4.sdk -O0 -L/Volumes/BackUP\ /My\ projects\ 2/rss/rss\ mac/.xcode-derived-data/Build/Products/Debug -F/Volumes/BackUP\ /My\ projects\ 2/rss/rss\ mac/.xcode-derived-data/Build/Products/Debug/PackageFrameworks -F/Volumes/BackUP\ /My\ projects\ 2/rss/rss\ mac/.xcode-derived-data/Build/Products/Debug/PackageFrameworks -F/Volumes/BackUP\ /My\ projects\ 2/rss/rss\ mac/.xcode-derived-data/Build/Products/Debug/PackageFrameworks -F/Volumes/BackUP\ /My\ projects\ 2/rss/rss\ mac/.xcode-derived-data/Build/Products/Debug/PackageFrameworks -F/Volumes/BackUP\ /My\ projects\ 2/rss/rss\ mac/.xcode-derived-data/Build/Products/Debug/PackageFrameworks -F/Volumes/BackUP\ /My\ projects\ 2/rss/rss\ mac/.xcode-derived-data/Build/Products/Debug/PackageFrameworks -F/Volumes/BackUP\ /My\ projects\ 2/rss/rss\ mac/.xcode-derived-data/Build/Products/Debug/PackageFrameworks -F/Volumes/BackUP\ /My\ projects\ 2/rss/rss\ mac/.xcode-derived-data/Build/Products/Debug/PackageFrameworks -F/Volumes/BackUP\ /My\ projects\ 2/rss/rss\ mac/.xcode-derived-data/Build/Products/Debug/PackageFrameworks -F/Volumes/BackUP\ /My\ projects\ 2/rss/rss\ mac/.xcode-derived-data/Build/Products/Debug/PackageFrameworks -F/Volumes/BackUP\ /My\ projects\ 2/rss/rss\ mac/.xcode-derived-data/Build/Products/Debug/PackageFrameworks -F/Volumes/BackUP\ /My\ projects\ 2/rss/rss\ mac/.xcode-derived-data/Build/Products/Debug/PackageFrameworks -F/Volumes/BackUP\ /My\ projects\ 2/rss/rss\ mac/.xcode-derived-data/Build/Products/Debug/PackageFrameworks -F/Volumes/BackUP\ /My\ projects\ 2/rss/rss\ mac/.xcode-derived-data/Build/Products/Debug/PackageFrameworks -F/Volumes/BackUP\ /My\ projects\ 2/rss/rss\ mac/.xcode-derived-data/Build/Products/Debug/PackageFrameworks -F/Volumes/BackUP\ /My\ projects\ 2/rss/rss\ mac/.xcode-derived-data/Build/Products/Debug/PackageFrameworks -F/Volumes/BackUP\ /My\ projects\ 2/rss/rss\ mac/.xcode-derived-data/Build/Products/Debug/PackageFrameworks -F/Volumes/BackUP\ /My\ projects\ 2/rss/rss\ mac/.xcode-derived-data/Build/Products/Debug/PackageFrameworks -F/Volumes/BackUP\ /My\ projects\ 2/rss/rss\ mac/.xcode-derived-data/Build/Products/Debug/PackageFrameworks -F/Volumes/BackUP\ /My\ projects\ 2/rss/rss\ mac/.xcode-derived-data/Build/Products/Debug/PackageFrameworks -F/Volumes/BackUP\ /My\ projects\ 2/rss/rss\ mac/.xcode-derived-data/Build/Products/Debug/PackageFrameworks -F/Volumes/BackUP\ /My\ projects\ 2/rss/rss\ mac/.xcode-derived-data/Build/Products/Debug/PackageFrameworks -F/Volumes/BackUP\ /My\ projects\ 2/rss/rss\ mac/.xcode-derived-data/Build/Products/Debug/PackageFrameworks -F/Volumes/BackUP\ /My\ projects\ 2/rss/rss\ mac/.xcode-derived-data/Build/Products/Debug/PackageFrameworks -F/Volumes/BackUP\ /My\ projects\ 2/rss/rss\ mac/.xcode-derived-data/Build/Products/Debug/PackageFrameworks -F/Volumes/BackUP\ /My\ projects\ 2/rss/rss\ mac/.xcode-derived-data/Build/Products/Debug/PackageFrameworks -F/Volumes/BackUP\ /My\ projects\ 2/rss/rss\ mac/.xcode-derived-data/Build/Products/Debug/PackageFrameworks -F/Volumes/BackUP\ /My\ projects\ 2/rss/rss\ mac/.xcode-derived-data/Build/Products/Debug/PackageFrameworks -F/Volumes/BackUP\ /My\ projects\ 2/rss/rss\ mac/.xcode-derived-data/Build/Products/Debug/PackageFrameworks -F/Volumes/BackUP\ /My\ projects\ 2/rss/rss\ mac/.xcode-derived-data/Build/Products/Debug/PackageFrameworks -F/Volumes/BackUP\ /My\ projects\ 2/rss/rss\ mac/.xcode-derived-data/Build/Products/Debug/PackageFrameworks -F/Volumes/BackUP\ /My\ projects\ 2/rss/rss\ mac/.xcode-derived-data/Build/Products/Debug/PackageFrameworks -F/Volumes/BackUP\ /My\ projects\ 2/rss/rss\ mac/.xcode-derived-data/Build/Products/Debug/PackageFrameworks -F/Volumes/BackUP\ /My\ projects\ 2/rss/rss\ mac/.xcode-derived-data/Build/Products/Debug/PackageFrameworks -F/Volumes/BackUP\ /My\ projects\ 2/rss/rss\ mac/.xcode-derived-data/Build/Products/Debug/PackageFrameworks -F/Volumes/BackUP\ /My\ projects\ 2/rss/rss\ mac/.xcode-derived-data/Build/Products/Debug/PackageFrameworks -F/Volumes/BackUP\ /My\ projects\ 2/rss/rss\ mac/.xcode-derived-data/Build/Products/Debug/PackageFrameworks -F/Volumes/BackUP\ /My\ projects\ 2/rss/rss\ mac/.xcode-derived-data/Build/Products/Debug/PackageFrameworks -F/Volumes/BackUP\ /My\ projects\ 2/rss/rss\ mac/.xcode-derived-data/Build/Products/Debug/PackageFrameworks -F/Volumes/BackUP\ /My\ projects\ 2/rss/rss\ mac/.xcode-derived-data/Build/Products/Debug/PackageFrameworks -F/Volumes/BackUP\ /My\ projects\ 2/rss/rss\ mac/.xcode-derived-data/Build/Products/Debug/PackageFrameworks -F/Volumes/BackUP\ /My\ projects\ 2/rss/rss\ mac/.xcode-derived-data/Build/Products/Debug/PackageFrameworks -F/Volumes/BackUP\ /My\ projects\ 2/rss/rss\ mac/.xcode-derived-data/Build/Products/Debug/PackageFrameworks -F/Volumes/BackUP\ /My\ projects\ 2/rss/rss\ mac/.xcode-derived-data/Build/Products/Debug/PackageFrameworks -F/Volumes/BackUP\ /My\ projects\ 2/rss/rss\ mac/.xcode-derived-data/Build/Products/Debug/PackageFrameworks -F/Volumes/BackUP\ /My\ projects\ 2/rss/rss\ mac/.xcode-derived-data/Build/Products/Debug/PackageFrameworks -F/Volumes/BackUP\ /My\ projects\ 2/rss/rss\ mac/.xcode-derived-data/Build/Products/Debug/PackageFrameworks -F/Volumes/BackUP\ /My\ projects\ 2/rss/rss\ mac/.xcode-derived-data/Build/Products/Debug/PackageFrameworks -F/Volumes/BackUP\ /My\ projects\ 2/rss/rss\ mac/.xcode-derived-data/Build/Products/Debug/PackageFrameworks -F/Volumes/BackUP\ /My\ projects\ 2/rss/rss\ mac/.xcode-derived-data/Build/Products/Debug/PackageFrameworks -F/Volumes/BackUP\ /My\ projects\ 2/rss/rss\ mac/.xcode-derived-data/Build/Products/Debug/PackageFrameworks -F/Volumes/BackUP\ /My\ projects\ 2/rss/rss\ mac/.xcode-derived-data/Build/Products/Debug/PackageFrameworks -F/Volumes/BackUP\ /My\ projects\ 2/rss/rss\ mac/.xcode-derived-data/Build/Products/Debug/PackageFrameworks -F/Volumes/BackUP\ /My\ projects\ 2/rss/rss\ mac/.xcode-derived-data/Build/Products/Debug/PackageFrameworks -F/Volumes/BackUP\ /My\ projects\ 2/rss/rss\ mac/.xcode-derived-data/Build/Products/Debug/PackageFrameworks -F/Volumes/BackUP\ /My\ projects\ 2/rss/rss\ mac/.xcode-derived-data/Build/Products/Debug/PackageFrameworks -F/Volumes/BackUP\ /My\ projects\ 2/rss/rss\ mac/.xcode-derived-data/Build/Products/Debug/PackageFrameworks -F/Volumes/BackUP\ /My\ projects\ 2/rss/rss\ mac/.xcode-derived-data/Build/Products/Debug/PackageFrameworks -F/Volumes/BackUP\ /My\ projects\ 2/rss/rss\ mac/.xcode-derived-data/Build/Products/Debug/PackageFrameworks -F/Volumes/BackUP\ /My\ projects\ 2/rss/rss\ mac/.xcode-derived-data/Build/Products/Debug/PackageFrameworks -F/Volumes/BackUP\ /My\ projects\ 2/rss/rss\ mac/.xcode-derived-data/Build/Products/Debug/PackageFrameworks -F/Volumes/BackUP\ /My\ projects\ 2/rss/rss\ mac/.xcode-derived-data/Build/Products/Debug/PackageFrameworks -F/Volumes/BackUP\ /My\ projects\ 2/rss/rss\ mac/.xcode-derived-data/Build/Products/Debug/PackageFrameworks -F/Volumes/BackUP\ /My\ projects\ 2/rss/rss\ mac/.xcode-derived-data/Build/Products/Debug/PackageFrameworks -F/Volumes/BackUP\ /My\ projects\ 2/rss/rss\ mac/.xcode-derived-data/Build/Products/Debug/PackageFrameworks -F/Volumes/BackUP\ /My\ projects\ 2/rss/rss\ mac/.xcode-derived-data/Build/Products/Debug/PackageFrameworks -F/Volumes/BackUP\ /My\ projects\ 2/rss/rss\ mac/.xcode-derived-data/Build/Products/Debug/PackageFrameworks -F/Volumes/BackUP\ /My\ projects\ 2/rss/rss\ mac/.xcode-derived-data/Build/Products/Debug/PackageFrameworks -F/Volumes/BackUP\ /My\ projects\ 2/rss/rss\ mac/.xcode-derived-data/Build/Products/Debug/PackageFrameworks -F/Volumes/BackUP\ /My\ projects\ 2/rss/rss\ mac/.xcode-derived-data/Build/Products/Debug -Xlinker -rpath -Xlinker @executable_path -Xlinker -rpath -Xlinker /Volumes/BackUP\ /My\ projects\ 2/rss/rss\ mac/.xcode-derived-data/Build/Products/Debug/PackageFrameworks -Xlinker -rpath -Xlinker @executable_path/../Frameworks -rdynamic -Xlinker -no_deduplicate -e ___debug_blank_executor_main -Xlinker -sectcreate -Xlinker __TEXT -Xlinker __debug_dylib -Xlinker /Volumes/BackUP\ /My\ projects\ 2/rss/rss\ mac/.xcode-derived-data/Build/Intermediates.noindex/RSSReaderApp.build/Debug/RSSReaderApp\ \(macOS\).build/RSSReaderApp-DebugDylibPath-normal-arm64.txt -Xlinker -sectcreate -Xlinker __TEXT -Xlinker __debug_instlnm -Xlinker /Volumes/BackUP\ /My\ projects\ 2/rss/rss\ mac/.xcode-derived-data/Build/Intermediates.noindex/RSSReaderApp.build/Debug/RSSReaderApp\ \(macOS\).build/RSSReaderApp-DebugDylibInstallName-normal-arm64.txt -Xlinker -filelist -Xlinker /Volumes/BackUP\ /My\ projects\ 2/rss/rss\ mac/.xcode-derived-data/Build/Intermediates.noindex/RSSReaderApp.build/Debug/RSSReaderApp\ \(macOS\).build/RSSReaderApp-ExecutorLinkFileList-normal-arm64.txt /Volumes/BackUP\ /My\ projects\ 2/rss/rss\ mac/.xcode-derived-data/Build/Products/Debug/RSSReaderApp.app/Contents/MacOS/RSSReaderApp.debug.dylib -Xlinker -no_adhoc_codesign -o /Volumes/BackUP\ /My\ projects\ 2/rss/rss\ mac/.xcode-derived-data/Build/Products/Debug/RSSReaderApp.app/Contents/MacOS/RSSReaderApp

CopySwiftLibs /Volumes/BackUP\ /My\ projects\ 2/rss/rss\ mac/.xcode-derived-data/Build/Products/Debug/RSSReaderApp.app (in target 'RSSReaderApp (macOS)' from project 'RSSReaderApp')
    cd /Volumes/Back\ up\ 3/rss\ latest/rss\ mac
    builtin-swiftStdLibTool --copy --verbose --sign F140CFC5D1DD136D0433A035453666708D5A233E --scan-executable /Volumes/BackUP\ /My\ projects\ 2/rss/rss\ mac/.xcode-derived-data/Build/Products/Debug/RSSReaderApp.app/Contents/MacOS/RSSReaderApp.debug.dylib --scan-folder /Volumes/BackUP\ /My\ projects\ 2/rss/rss\ mac/.xcode-derived-data/Build/Products/Debug/RSSReaderApp.app/Contents/Frameworks --scan-folder /Volumes/BackUP\ /My\ projects\ 2/rss/rss\ mac/.xcode-derived-data/Build/Products/Debug/RSSReaderApp.app/Contents/PlugIns --scan-folder /Volumes/BackUP\ /My\ projects\ 2/rss/rss\ mac/.xcode-derived-data/Build/Products/Debug/RSSReaderApp.app/Contents/Library/SystemExtensions --scan-folder /Volumes/BackUP\ /My\ projects\ 2/rss/rss\ mac/.xcode-derived-data/Build/Products/Debug/RSSReaderApp.app/Contents/Extensions --platform macosx --toolchain /var/run/com.apple.security.cryptexd/mnt/com.apple.MobileAsset.MetalToolchain-v17.5.188.0.FQ5rSf/Metal.xctoolchain --toolchain /Applications/Xcode.app/Contents/Developer/Toolchains/XcodeDefault.xctoolchain --destination /Volumes/BackUP\ /My\ projects\ 2/rss/rss\ mac/.xcode-derived-data/Build/Products/Debug/RSSReaderApp.app/Contents/Frameworks --strip-bitcode --strip-bitcode-tool /Applications/Xcode.app/Contents/Developer/Toolchains/XcodeDefault.xctoolchain/usr/bin/bitcode_strip --emit-dependency-info /Volumes/BackUP\ /My\ projects\ 2/rss/rss\ mac/.xcode-derived-data/Build/Intermediates.noindex/RSSReaderApp.build/Debug/RSSReaderApp\ \(macOS\).build/SwiftStdLibToolInputDependencies.dep --filter-for-swift-os

ExtractAppIntentsMetadata (in target 'RSSReaderApp (macOS)' from project 'RSSReaderApp')
    cd /Volumes/Back\ up\ 3/rss\ latest/rss\ mac
    /Applications/Xcode.app/Contents/Developer/Toolchains/XcodeDefault.xctoolchain/usr/bin/appintentsmetadataprocessor --toolchain-dir /var/run/com.apple.security.cryptexd/mnt/com.apple.MobileAsset.MetalToolchain-v17.5.188.0.FQ5rSf/Metal.xctoolchain --module-name RSSReaderApp --sdk-root /Applications/Xcode.app/Contents/Developer/Platforms/MacOSX.platform/Developer/SDKs/MacOSX26.4.sdk --xcode-version 17E192 --platform-family macOS --deployment-target 26.0 --bundle-identifier com.joaovalente.RSSReaderApp --output /Volumes/BackUP\ /My\ projects\ 2/rss/rss\ mac/.xcode-derived-data/Build/Products/Debug/RSSReaderApp.app/Contents/Resources --target-triple arm64-apple-macos26.0 --binary-file /Volumes/BackUP\ /My\ projects\ 2/rss/rss\ mac/.xcode-derived-data/Build/Products/Debug/RSSReaderApp.app/Contents/MacOS/RSSReaderApp --dependency-file /Volumes/BackUP\ /My\ projects\ 2/rss/rss\ mac/.xcode-derived-data/Build/Intermediates.noindex/RSSReaderApp.build/Debug/RSSReaderApp\ \(macOS\).build/Objects-normal/arm64/RSSReaderApp_dependency_info.dat --stringsdata-file /Volumes/BackUP\ /My\ projects\ 2/rss/rss\ mac/.xcode-derived-data/Build/Intermediates.noindex/RSSReaderApp.build/Debug/RSSReaderApp\ \(macOS\).build/Objects-normal/arm64/ExtractedAppShortcutsMetadata.stringsdata --source-file-list /Volumes/BackUP\ /My\ projects\ 2/rss/rss\ mac/.xcode-derived-data/Build/Intermediates.noindex/RSSReaderApp.build/Debug/RSSReaderApp\ \(macOS\).build/Objects-normal/arm64/RSSReaderApp.SwiftFileList --metadata-file-list /Volumes/BackUP\ /My\ projects\ 2/rss/rss\ mac/.xcode-derived-data/Build/Intermediates.noindex/RSSReaderApp.build/Debug/RSSReaderApp\ \(macOS\).build/RSSReaderApp.DependencyMetadataFileList --static-metadata-file-list /Volumes/BackUP\ /My\ projects\ 2/rss/rss\ mac/.xcode-derived-data/Build/Intermediates.noindex/RSSReaderApp.build/Debug/RSSReaderApp\ \(macOS\).build/RSSReaderApp.DependencyStaticMetadataFileList --swift-const-vals-list /Volumes/BackUP\ /My\ projects\ 2/rss/rss\ mac/.xcode-derived-data/Build/Intermediates.noindex/RSSReaderApp.build/Debug/RSSReaderApp\ \(macOS\).build/Objects-normal/arm64/RSSReaderApp.SwiftConstValuesFileList --compile-time-extraction --deployment-aware-processing --validate-assistant-intents --no-app-shortcuts-localization
2026-05-26 21:20:49.183 appintentsmetadataprocessor[36810:1204863] Starting appintentsmetadataprocessor export
2026-05-26 21:20:49.184 appintentsmetadataprocessor[36810:1204863] warning: Metadata extraction skipped. No AppIntents.framework dependency found.

CodeSign /Volumes/BackUP\ /My\ projects\ 2/rss/rss\ mac/.xcode-derived-data/Build/Products/Debug/RSSReaderApp.app/Contents/MacOS/RSSReaderApp.debug.dylib (in target 'RSSReaderApp (macOS)' from project 'RSSReaderApp')
    cd /Volumes/Back\ up\ 3/rss\ latest/rss\ mac
    
    Signing Identity:     "Apple Development: Joao Valente (NJ46KD28PD)"
    Provisioning Profile: "Mac Team Provisioning Profile: com.joaovalente.RSSReaderApp"
                          (41074eca-8f4c-4ed1-8115-1f51a0ff0ec0)
    
    /usr/bin/codesign --force --sign F140CFC5D1DD136D0433A035453666708D5A233E --timestamp\=none --generate-entitlement-der /Volumes/BackUP\ /My\ projects\ 2/rss/rss\ mac/.xcode-derived-data/Build/Products/Debug/RSSReaderApp.app/Contents/MacOS/RSSReaderApp.debug.dylib

CodeSign /Volumes/BackUP\ /My\ projects\ 2/rss/rss\ mac/.xcode-derived-data/Build/Products/Debug/RSSReaderApp.app/Contents/MacOS/__preview.dylib (in target 'RSSReaderApp (macOS)' from project 'RSSReaderApp')
    cd /Volumes/Back\ up\ 3/rss\ latest/rss\ mac
    
    Signing Identity:     "Apple Development: Joao Valente (NJ46KD28PD)"
    Provisioning Profile: "Mac Team Provisioning Profile: com.joaovalente.RSSReaderApp"
                          (41074eca-8f4c-4ed1-8115-1f51a0ff0ec0)
    
    /usr/bin/codesign --force --sign F140CFC5D1DD136D0433A035453666708D5A233E --timestamp\=none --generate-entitlement-der /Volumes/BackUP\ /My\ projects\ 2/rss/rss\ mac/.xcode-derived-data/Build/Products/Debug/RSSReaderApp.app/Contents/MacOS/__preview.dylib
/Volumes/BackUP /My projects 2/rss/rss mac/.xcode-derived-data/Build/Products/Debug/RSSReaderApp.app/Contents/MacOS/__preview.dylib: replacing existing signature

CodeSign /Volumes/BackUP\ /My\ projects\ 2/rss/rss\ mac/.xcode-derived-data/Build/Products/Debug/RSSReaderApp.app (in target 'RSSReaderApp (macOS)' from project 'RSSReaderApp')
    cd /Volumes/Back\ up\ 3/rss\ latest/rss\ mac
    
    Signing Identity:     "Apple Development: Joao Valente (NJ46KD28PD)"
    Provisioning Profile: "Mac Team Provisioning Profile: com.joaovalente.RSSReaderApp"
                          (41074eca-8f4c-4ed1-8115-1f51a0ff0ec0)
    
    /usr/bin/codesign --force --sign F140CFC5D1DD136D0433A035453666708D5A233E --entitlements /Volumes/BackUP\ /My\ projects\ 2/rss/rss\ mac/.xcode-derived-data/Build/Intermediates.noindex/RSSReaderApp.build/Debug/RSSReaderApp\ \(macOS\).build/RSSReaderApp.app.xcent --timestamp\=none --generate-entitlement-der /Volumes/BackUP\ /My\ projects\ 2/rss/rss\ mac/.xcode-derived-data/Build/Products/Debug/RSSReaderApp.app

Validate /Volumes/BackUP\ /My\ projects\ 2/rss/rss\ mac/.xcode-derived-data/Build/Products/Debug/RSSReaderApp.app (in target 'RSSReaderApp (macOS)' from project 'RSSReaderApp')
    cd /Volumes/Back\ up\ 3/rss\ latest/rss\ mac
    builtin-validationUtility /Volumes/BackUP\ /My\ projects\ 2/rss/rss\ mac/.xcode-derived-data/Build/Products/Debug/RSSReaderApp.app -no-validate-extension -infoplist-subpath Contents/Info.plist

RegisterWithLaunchServices /Volumes/BackUP\ /My\ projects\ 2/rss/rss\ mac/.xcode-derived-data/Build/Products/Debug/RSSReaderApp.app (in target 'RSSReaderApp (macOS)' from project 'RSSReaderApp')
    cd /Volumes/Back\ up\ 3/rss\ latest/rss\ mac
    /System/Library/Frameworks/CoreServices.framework/Versions/Current/Frameworks/LaunchServices.framework/Versions/Current/Support/lsregister -f -R -trusted /Volumes/BackUP\ /My\ projects\ 2/rss/rss\ mac/.xcode-derived-data/Build/Products/Debug/RSSReaderApp.app

** BUILD SUCCEEDED **

